run_id,name,state,architecture,loss_fn,augmentation,pretrained,freeze_bb,lr,batch_size,best_bacc,best_acc,best_f1_macro,best_auc_macro,best_precision,best_recall,params,inference_ms
1dl5ps9o,mobilenet_v3_small_weighted_ce_standard_pretrainedTrue,finished,mobilenet_v3_small,weighted_ce,standard,True,False,0.0001,32.0,0.7388024304400532,,,,,,1526056.0,6.88
78ol5tlu,mobilenetv3_small_weighted_ce_standard_pretrainedTrue,finished,mobilenetv3_small,weighted_ce,standard,True,False,0.0001,8.0,0.7320753153975863,0.7562660351292678,0.6812862414101948,0.951265066767054,0.6480192812643268,0.7320753153975863,1526056.0,6.75
2q0buklz,mobilenetv3_small_ce_standard_pretrainedTrue,finished,mobilenetv3_small,ce,standard,True,False,0.0001,8.0,0.687790298300912,0.7864614170120386,0.6807334098601387,0.959457889757213,0.6840225043974759,0.687790298300912,1526056.0,6.64
48odajc5,mobilenetv3_small_focal_standard_pretrainedTrue,finished,mobilenetv3_small,focal,standard,True,False,0.0001,8.0,0.650493483536176,0.40931517663311623,0.3999117873810296,0.8943735119287937,0.3973541926071854,0.650493483536176,1526056.0,6.58
4kxlyxk2,mobilenetv3_small_weighted_ce_standard_pretrainedTrue,finished,mobilenetv3_small,weighted_ce,standard,True,True,0.0001,8.0,0.5489181256801867,0.6319321097296231,0.44185476831417303,0.8960182160818411,0.4255053184585288,0.5489181256801867,1526056.0,5.3
v2xoloth,mobilenetv3_small_ce_standard_pretrainedTrue,finished,mobilenetv3_small,ce,standard,True,True,0.0001,8.0,0.43248553536774303,0.6822577462009078,0.4554169385282979,0.9017279080798082,0.5639250219714144,0.43248553536774303,1526056.0,5.23
vivht0cq,mobilenet_v3_small_weighted_ce_standard_pretrainedTrue,finished,mobilenet_v3_small,weighted_ce,standard,True,False,0.0001,32.0,0.413059163059163,,,,,,1526056.0,5.37
7zi5n5tq,mobilenet_v3_small_weighted_ce_standard_pretrainedTrue,finished,mobilenet_v3_small,weighted_ce,standard,True,False,0.0001,32.0,0.413059163059163,,,,,,1526056.0,6.13
3p1nbyo6,mobilenetv3_small_ce_standard_pretrainedTrue,finished,mobilenetv3_small,ce,standard,True,False,0.0001,8.0,0.41154401154401155,0.6666666666666666,0.3861352191149684,0.7742752268182865,0.3987522281639929,0.41154401154401155,1526056.0,4.91
npv7af43,mobilenetv3_small_weighted_ce_standard_pretrainedTrue,finished,mobilenetv3_small,weighted_ce,standard,True,True,0.0001,8.0,0.4011063011063011,0.4705882352941176,0.35090991999336735,0.630925999026303,0.382936507936508,0.4011063011063011,1526056.0,4.81
zp1snpif,mobilenetv3_small_weighted_ce_standard_pretrainedTrue,finished,mobilenetv3_small,weighted_ce,standard,True,False,0.0001,8.0,0.3956709956709957,0.5686274509803921,0.2938076416337286,0.7639866119096108,0.2940058479532164,0.3297258297258297,1526056.0,5.21
nzuy2c16,mobilenet_v3_small_weighted_ce_standard_pretrainedTrue,finished,mobilenet_v3_small,weighted_ce,standard,True,False,0.0001,32.0,0.3915103415103415,,,,,,1526056.0,5.89
ultcvntm,mobilenetv3_small_ce_standard_pretrainedTrue,finished,mobilenetv3_small,ce,standard,True,True,0.0001,8.0,0.3721981721981722,0.6470588235294118,0.35540796963946863,0.7046631729559796,0.36507936507936506,0.3721981721981722,1526056.0,5.19
v0ii2tcd,mobilenet_v3_small_weighted_ce_standard_pretrainedTrue,finished,mobilenet_v3_small,weighted_ce,standard,True,False,0.0001,32.0,0.32926887926887927,,,,,,1526056.0,5.31
ian0rllh,mobilenet_v3_small_weighted_ce_standard_pretrainedTrue,finished,mobilenet_v3_small,weighted_ce,standard,True,False,0.0001,32.0,0.27744107744107743,,,,,,1526056.0,5.43
emc9oe5y,mobilenetv3_small_focal_standard_pretrainedTrue,finished,mobilenetv3_small,focal,standard,True,True,0.0001,8.0,0.25,0.058823529411764705,0.048412698412698414,0.5630722236598629,0.04235880398671096,0.17857142857142858,1526056.0,4.89
n6h99538,mobilenetv3_small_focal_standard_pretrainedTrue,finished,mobilenetv3_small,focal,standard,True,False,0.0001,8.0,0.25,0.058823529411764705,0.044444444444444446,0.5460250232337365,0.035215946843853825,0.17857142857142858,1526056.0,4.91
2to86632,mobilenet_v3_small_focal_standard_pretrainedTrue,finished,mobilenet_v3_small,focal,standard,True,True,0.0001,32.0,0.12857142857142856,0.0392156862745098,0.0369047619047619,0.5248910658181174,0.02806122448979592,0.09183673469387754,1526056.0,5.84
e4c8jxzc,mobilenet_v3_small_focal_standard_pretrainedTrue,finished,mobilenet_v3_small,focal,standard,True,True,0.0001,32.0,0.05,0.0196078431372549,0.041666666666666664,0.4141343697017456,0.0625,0.03125,1526056.0,5.41
g1aa5n0d,mobilenet_v3_small_focal_standard_pretrainedTrue,finished,mobilenet_v3_small,focal,standard,True,True,0.0001,32.0,0.05,0.0196078431372549,0.041666666666666664,0.4141343697017456,0.0625,0.03125,1526056.0,5.48
onpmja93,mobilenet_v3_small_focal_standard_pretrainedTrue,finished,mobilenet_v3_small,focal,standard,True,True,0.0001,32.0,0.05,0.0196078431372549,0.041666666666666664,0.4141343697017456,0.0625,0.03125,1526056.0,5.3
82g00hth,mobilenet_v3_small_focal_standard_pretrainedTrue,finished,mobilenet_v3_small,focal,standard,True,True,0.0001,32.0,0.05,0.0196078431372549,0.041666666666666664,0.4141343697017456,0.0625,0.03125,1526056.0,5.33
vh0asav9,mobilenet_v3_small_focal_standard_pretrainedTrue,finished,mobilenet_v3_small,focal,standard,True,True,0.0001,32.0,0.05,0.0196078431372549,0.041666666666666664,0.4141343697017456,0.0625,0.03125,1526056.0,5.38
5hna633p,mobilenet_v3_small_focal_standard_pretrainedTrue,finished,mobilenet_v3_small,focal,standard,True,True,0.0001,32.0,0.05,0.0196078431372549,0.041666666666666664,0.4141343697017456,0.0625,0.03125,1526056.0,5.36
1sd9p8mz,mobilenet_v3_small_weighted_ce_standard_pretrainedTrue,finished,mobilenet_v3_small,weighted_ce,standard,True,False,0.0001,32.0,,,,,,,,
go4hi8qm,mobilenet_v3_small_weighted_ce_standard_pretrainedTrue,finished,mobilenet_v3_small,weighted_ce,standard,True,False,0.0001,32.0,,,,,,,,
tk2b6pzx,mobilenet_v3_small_weighted_ce_standard_pretrainedTrue,crashed,mobilenet_v3_small,weighted_ce,standard,True,False,0.0001,32.0,,,,,,,,
etx7kl5m,mobilenet_v3_small_weighted_ce_standard_pretrainedTrue,finished,mobilenet_v3_small,weighted_ce,standard,True,False,0.0001,32.0,,,,,,,,
kaxu81n4,mobilenet_v3_small_weighted_ce_standard_pretrainedTrue,finished,mobilenet_v3_small,weighted_ce,standard,True,False,0.0001,32.0,,,,,,,,
6h3n60ij,mobilenet_v3_small_weighted_ce_standard_pretrainedTrue,finished,mobilenet_v3_small,weighted_ce,standard,True,False,0.0001,32.0,,,,,,,,
elaiyhjo,mobilenet_v3_small_weighted_ce_standard_pretrainedTrue,finished,mobilenet_v3_small,weighted_ce,standard,True,False,0.0001,32.0,,,,,,,,
qgkxwfy9,mobilenet_v3_small_weighted_ce_standard_pretrainedTrue,finished,mobilenet_v3_small,weighted_ce,standard,True,False,0.0001,32.0,,,,,,,,
14vlfjbf,mobilenet_v3_small_weighted_ce_standard_pretrainedTrue,finished,mobilenet_v3_small,weighted_ce,standard,True,False,0.0001,32.0,,,,,,,,
97tvyb0v,mobilenet_v3_small_weighted_ce_standard_pretrainedTrue,crashed,mobilenet_v3_small,weighted_ce,standard,True,False,0.0001,32.0,,,,,,,,
lwpwgyjj,mobilenet_v3_small_weighted_ce_standard_pretrainedTrue,finished,mobilenet_v3_small,weighted_ce,standard,True,False,0.0001,32.0,,,,,,,,
5mihv4dw,mobilenet_v3_small_weighted_ce_standard_pretrainedTrue,finished,mobilenet_v3_small,weighted_ce,standard,True,False,0.0001,32.0,,,,,,,,
ws4aancm,mobilenet_v3_small_weighted_ce_standard_pretrainedTrue,finished,mobilenet_v3_small,weighted_ce,standard,True,False,0.0001,32.0,,,,,,,,
abrr1pzf,mobilenet_v3_small_weighted_ce_standard_pretrainedTrue,finished,mobilenet_v3_small,weighted_ce,standard,True,False,0.0001,32.0,,,,,,,,
n6gpc56b,mobilenet_v3_small_weighted_ce_standard_pretrainedTrue,finished,mobilenet_v3_small,weighted_ce,standard,True,False,0.0001,32.0,,,,,,,,
up86wo9d,mobilenet_v3_small_weighted_ce_standard_pretrainedTrue,finished,mobilenet_v3_small,weighted_ce,standard,True,False,0.0001,32.0,,,,,,,,
f4dlc9sp,mobilenet_v3_small_weighted_ce_standard_pretrainedTrue,finished,mobilenet_v3_small,weighted_ce,standard,True,False,0.0001,32.0,,,,,,,,
jf7rlkrt,mobilenet_v3_small_weighted_ce_standard_pretrainedTrue,finished,mobilenet_v3_small,weighted_ce,standard,True,False,0.0001,32.0,,,,,,,,
ra2438j5,mobilenet_v3_small_weighted_ce_standard_pretrainedTrue,finished,mobilenet_v3_small,weighted_ce,standard,True,False,0.0001,32.0,,,,,,,,
2qvr9y6k,mobilenet_v3_small_weighted_ce_standard_pretrainedTrue,finished,mobilenet_v3_small,weighted_ce,standard,True,False,0.0001,32.0,,,,,,,,
vc7xd0ew,mobilenet_v3_small_weighted_ce_standard_pretrainedTrue,finished,mobilenet_v3_small,weighted_ce,standard,True,False,0.0001,32.0,,,,,,,,
3x45f955,mobilenet_v3_small_weighted_ce_standard_pretrainedTrue,finished,mobilenet_v3_small,weighted_ce,standard,True,False,0.0001,32.0,,,,,,,,
3n8u1qyk,mobilenet_v3_small_weighted_ce_standard_pretrainedTrue,crashed,mobilenet_v3_small,weighted_ce,standard,True,False,0.0001,32.0,,,,,,,,
nxb829k2,mobilenet_v3_small_weighted_ce_standard_pretrainedTrue,finished,mobilenet_v3_small,weighted_ce,standard,True,False,0.0001,32.0,,,,,,,,
fbmsn0ul,mobilenet_v3_small_weighted_ce_standard_pretrainedTrue,finished,mobilenet_v3_small,weighted_ce,standard,True,False,0.0001,32.0,,,,,,,,
h01w7wu2,mobilenet_v3_small_weighted_ce_standard_pretrainedTrue,finished,mobilenet_v3_small,weighted_ce,standard,True,False,0.0001,32.0,,,,,,,,
vfm3augo,mobilenet_v3_small_weighted_ce_standard_pretrainedTrue,finished,mobilenet_v3_small,weighted_ce,standard,True,False,0.0001,32.0,,,,,,,,
dadfw6bu,mobilenet_v3_small_weighted_ce_standard_pretrainedTrue,finished,mobilenet_v3_small,weighted_ce,standard,True,False,0.0001,32.0,,,,,,,,
xi4nqbw6,astral-sweep-1,crashed,mobilenet_v3_small,weighted_ce,standard,false,true,0.00010183410905645716,16.0,,,,,,,,
xwforoiq,jolly-sweep-2,crashed,mobilenet_v3_small,weighted_ce,standard,true,true,0.0001207335026017213,35.0,,,,,,,,
6tiohofc,vital-sweep-3,crashed,mobilenet_v3_small,weighted_ce,standard,true,true,0.00014329130134729947,32.0,,,,,,,,
7f9ungy6,restful-sweep-1,crashed,,weighted_ce,,,True,,,,,,,,,,
1lxbkgak,super-sweep-2,crashed,,focal,,,True,,,,,,,,,,
w360b0b7,pretty-sweep-3,crashed,,ce,,,True,,,,,,,,,,
tl79lle6,olive-sweep-4,crashed,,weighted_ce,,,False,,,,,,,,,,
4kcyr6fn,serene-sweep-5,crashed,,focal,,,False,,,,,,,,,,
b1rkcf0q,golden-sweep-6,crashed,,ce,,,False,,,,,,,,,,
nwwk6ubp,clean-sweep-4,crashed,mobilenet_v3_small,weighted_ce,standard,true,false,0.00011473968118990766,18.0,,,,,,,,
w7jf12jg,dainty-sweep-5,crashed,mobilenet_v3_small,weighted_ce,standard,true,true,5.855432355486004e-05,53.0,,,,,,,,
yp6evt9o,breezy-sweep-1,crashed,,weighted_ce,,,True,,,,,,,,,,
ef8z3z4t,tough-sweep-6,crashed,mobilenet_v3_small,weighted_ce,standard,true,true,0.0001866213878014014,46.0,,,,,,,,
se3w9372,firm-sweep-2,crashed,,focal,,,True,,,,,,,,,,
4yp5j6nb,flowing-sweep-3,finished,,ce,,,True,,,,,,,,,,
5na69opy,twilight-sweep-1,crashed,,weighted_ce,,,True,,,,,,,,,,
0yo7sdqb,pleasant-sweep-2,crashed,,focal,,,True,,,,,,,,,,
2hz55f21,worthy-sweep-3,crashed,,ce,,,True,,,,,,,,,,
7fuvzz82,pleasant-sweep-4,crashed,,weighted_ce,,,False,,,,,,,,,,
j832gdv7,pleasant-sweep-5,crashed,,focal,,,False,,,,,,,,,,
3ig3snby,swept-sweep-6,crashed,,ce,,,False,,,,,,,,,,
6hk7erdc,super-sweep-1,crashed,,weighted_ce,,,True,,,,,,,,,,
y9hm8sgj,dark-sweep-2,crashed,,focal,,,True,,,,,,,,,,
8h9hk0sj,olive-sweep-3,crashed,,ce,,,True,,,,,,,,,,
umdu5q5p,crimson-sweep-4,crashed,,weighted_ce,,,False,,,,,,,,,,
3xxbw0so,cool-sweep-5,crashed,,focal,,,False,,,,,,,,,,
dkc8lbp5,tough-sweep-6,crashed,,ce,,,False,,,,,,,,,,
78e8xl7z,efficientnet_bo_weighted_ce_standard_pretrainedTrue,finished,efficientnet_bo,weighted_ce,standard,True,True,0.0001,32.0,,,,,,,,
sxfazb7x,efficientnet_bo_weighted_ce_standard_pretrainedTrue,finished,efficientnet_bo,weighted_ce,standard,True,True,0.0001,32.0,,,,,,,,
of5l8vrj,mobilenet_v3_small_focal_standard_pretrainedTrue,finished,mobilenet_v3_small,focal,standard,True,True,0.0001,32.0,,,,,,,,
g0kyvqc6,efficientnet_bo_weighted_ce_standard_pretrainedTrue,crashed,efficientnet_bo,weighted_ce,standard,True,True,0.0001,32.0,,,,,,,,
d1cplmnp,mobilenet_v3_small_focal_standard_pretrainedTrue,finished,mobilenet_v3_small,focal,standard,True,True,0.0001,32.0,,,,,,,,
wjco88mc,mobilenet_v3_small_focal_standard_pretrainedTrue,finished,mobilenet_v3_small,focal,standard,True,True,0.0001,32.0,,,,,,,,
f9j60234,mobilenet_v3_small_focal_standard_pretrainedTrue,finished,mobilenet_v3_small,focal,standard,True,True,0.0001,32.0,,,,,,,,
k6ewbovc,mobilenet_v3_small_focal_standard_pretrainedTrue,finished,mobilenet_v3_small,focal,standard,True,True,0.0001,32.0,,,,,,,,
1bd8vtfo,mobilenet_v3_small_focal_standard_pretrainedTrue,finished,mobilenet_v3_small,focal,standard,True,True,0.0001,32.0,,,,,,,,
vismvnqy,mobilenet_v3_small_focal_standard_pretrainedTrue,finished,mobilenet_v3_small,focal,standard,True,True,0.0001,32.0,,,,,,,,
8pjz21sz,resnet50_freeze=full_aug=standard_drop=0.3_lr=0.0001_ep=30_mini=False,finished,resnet50,,standard,True,full,0.0001,32.0,,,,,,,,
hf4swlcm,resnet50_freeze=full_aug=standard_drop=0.3_lr=0.0001_ep=30_mini=False,finished,resnet50,weighted_ce,standard,True,full,0.0001,32.0,,,,,,,,
m60za3ol,resnet50_freeze=partial_aug=standard_drop=0.3_lr=0.0001_ep=40_mini=False,finished,resnet50,weighted_ce,standard,True,partial,0.0001,32.0,,,,,,,,
6fcuj8gg,resnet50_freeze=none_aug=standard_drop=0.3_lr=1e-05_ep=50_mini=False,finished,resnet50,weighted_ce,standard,True,none,0.0001,32.0,,,,,,,,
