,val/sensitivity_SCC,val/precision_AK,val/auc_BKL,val/specificity_VASC,val/precision_SCC,val/recall_NV,val/acc,val/recall_DF,_step,val/specificity_NV,val/specificity_DF,val/f1_weighted,val/precision_BCC,val/recall_AK,val/f1_AK,val/sensitivity_MEL,val/sensitivity_NV,val/recall_BCC,val/sensitivity_DF,val/auc_VASC,val/specificity_SCC,val/auc_BCC,_runtime,val/f1_NV,val/recall_VASC,val/recall_SCC,val/recall_weighted,val/specificity_macro,val/sensitivity_AK,val/specificity_BCC,val/sensitivity_VASC,val/sensitivity_BKL,train/loss,val/specificity_BKL,epoch,val/auc_DF,val/specificity_AK,val/sensitivity_macro,val/auc_macro,val/precision_VASC,val/auc_AK,val/recall_BKL,val/f1_BKL,val/auc_MEL,val/specificity_MEL,val/sensitivity_BCC,val/bacc,val/precision_NV,val/precision_DF,val/f1_BCC,val/precision_BKL,val/recall_macro,val/auc_SCC,val/f1_DF,val/f1_MEL,val/precision_macro,val/f1_macro,val/recall_MEL,val/auc_NV,val/f1_SCC,_timestamp,val/f1_VASC,val/precision_MEL,val/precision_weighted,confusion_matrix/final,confusion_matrix/best
0,0.42857142857142855,0.10828729281767956,0.6027783019856996,0.8891547049441786,0.05465587044534413,0.0,0.08584961515689757,0.6458333333333334,0,1.0,0.6431560071727436,0.06625203983656841,0.6666666666666666,0.5664739884393064,0.18181818181818182,0.17035398230088494,0.0,0.0030075187969924814,0.6458333333333334,0.9387020358382587,0.81096943938474,0.8005284679212797,0.704381848,0.0,0.803921568627451,0.42857142857142855,0.08584961515689757,0.8817269753188826,0.5664739884393064,0.9997728305315765,0.803921568627451,0.10476190476190476,0.14407729199486155,0.933069132540731,1.0,0.7323960616324634,0.835104209235799,0.3403654656039127,0.7756136400852864,0.06867671691792294,0.8303301671741496,0.10476190476190476,0.12443438914027151,0.6863160820460057,0.9425894787412923,0.0030075187969924814,0.3403654656039127,0.0,0.017014270032930844,0.005988023952095809,0.1532033426183844,0.3403654656039127,0.7945117465457476,0.03315508021390374,0.23747108712413262,0.18254520823253145,0.10079473843664646,0.17035398230088494,0.8193462575386868,0.09694793536804308,1777046107.7619512,0.1265432098765432,0.39185750636132316,0.17918764807905818,,
1,0.5396825396825397,0.14461538461538462,0.6302623136440839,0.7398325358851675,0.08740359897172237,0.020194174757281552,0.12768896783106373,0.4791666666666667,1,0.9995987158908507,0.8246662681809125,0.11136542258321912,0.55,0.5433526011560693,0.2284325637910085,0.2809734513274336,0.020194174757281552,0.016541353383458645,0.4791666666666667,0.9550458141789411,0.8563043918235175,0.8365257760484811,0.704381848,0.0395738203957382,0.9411764705882353,0.5396825396825397,0.12768896783106373,0.8856011347212451,0.5433526011560693,0.997955474784189,0.9411764705882353,0.18476190476190477,0.11578602534841984,0.885512989872303,2.0,0.7731661353523279,0.8863914997956681,0.3757311452904487,0.8041748614525154,0.03547671840354767,0.8487070401175439,0.18476190476190477,0.169877408056042,0.7074220003868891,0.8945472015373529,0.016541353383458645,0.3757311452904487,0.9811320754716981,0.02547065337763012,0.032116788321167884,0.15721231766612642,0.3757311452904487,0.8561710726252317,0.048370136698212406,0.31809643080776456,0.2934791393785595,0.13191071179026354,0.2809734513274336,0.8260987392666241,0.1504424778761062,1777046508.3230548,0.06837606837606837,0.3665223665223665,0.6601738700335829,,
2,0.29365079365079366,0.0974910394265233,0.5865368727852216,0.7998405103668261,0.08958837772397095,0.04932038834951456,0.13656996250246695,0.5833333333333334,2,0.9983948635634029,0.8463837417812313,0.1341805406954205,0.5714285714285714,0.7861271676300579,0.17346938775510207,0.20907079646017698,0.04932038834951456,0.0481203007518797,0.5833333333333334,0.9520436563780217,0.9239020441206234,0.827162294650757,0.704381848,0.09386548410938654,0.9215686274509803,0.29365079365079366,0.13656996250246695,0.8866631085812658,0.7861271676300579,0.9945479327578374,0.9215686274509803,0.18285714285714286,0.11338929589462761,0.8619550858652576,3.0,0.8348276549113369,0.7427462198610544,0.3842560688104849,0.7993948406883965,0.04471931493815414,0.8370057945201272,0.18285714285714286,0.15384615384615383,0.6779490730603994,0.9255344703338938,0.0481203007518797,0.3842560688104849,0.9694656488549618,0.03504380475594493,0.08876560332871014,0.13278008298755187,0.3842560688104849,0.8379336488018941,0.06611570247933884,0.2694226657163222,0.28990929439321733,0.13350946661485336,0.20907079646017698,0.841699730399414,0.137291280148423,1777046903.7949963,0.0852994555353902,0.3787575150300601,0.6553379230434786,,
3,0.5714285714285714,0.171875,0.610890524417605,0.8433014354066986,0.09795918367346938,0.04388349514563107,0.14545095717387013,0.7916666666666666,3,0.9979935794542536,0.6794182107989639,0.1489458767130238,0.7735849056603774,0.44508670520231214,0.24798711755233493,0.27876106194690264,0.04388349514563107,0.061654135338345864,0.7916666666666666,0.952020202020202,0.8658166363084396,0.8406015037593986,0.704381848,0.08392127738581508,0.9019607843137255,0.5714285714285714,0.14545095717387013,0.8882891614583457,0.44508670520231214,0.9972739663789186,0.9019607843137255,0.18666666666666668,0.10934527191611804,0.8828709819462792,4.0,0.8555198578734143,0.9241928892521455,0.41013851083860275,0.8110535112523773,0.055288461538461536,0.833008922096421,0.18666666666666668,0.1696969696969697,0.7120240147613086,0.9154455921210666,0.061654135338345864,0.41013851083860275,0.9576271186440678,0.0230722525804493,0.11420612813370473,0.15555555555555556,0.41013851083860275,0.8459022818464227,0.04483775811209439,0.33421750663129973,0.33152262758734236,0.15828805059343146,0.27876106194690264,0.8384607832442457,0.16724738675958187,1777047306.6870277,0.10419026047565118,0.41721854304635764,0.6878153609943516,,
4,0.31746031746031744,0.10464135021097046,0.6204168501394394,0.8885566188197768,0.07246376811594203,0.04233009708737864,0.13084665482534044,0.8125,4,0.9971910112359551,0.6662681809125324,0.136232361013683,0.62,0.7167630057803468,0.1826215022091311,0.21238938053097345,0.04233009708737864,0.09323308270676692,0.8125,0.949651311880414,0.8963772515685084,0.8340552653783483,0.704381848,0.08101077666295059,0.8431372549019608,0.31746031746031744,0.13084665482534044,0.8869699640819964,0.7167630057803468,0.9913675601999091,0.8431372549019608,0.10285714285714286,0.10620222428568704,0.9407749889916336,5.0,0.8363966925682407,0.7832039231712301,0.3925837851656108,0.8057795543604989,0.07142857142857142,0.8433601602528517,0.10285714285714286,0.12735849056603774,0.6989997215248533,0.9320201777564256,0.09323308270676692,0.3925837851656108,0.9396551724137931,0.022753792298716453,0.16209150326797386,0.16718266253869968,0.3925837851656108,0.83213185429336,0.04426787741203178,0.27846265409717186,0.30029198041531036,0.14068834392136567,0.21238938053097345,0.8312245788464834,0.11799410029498525,1777047709.6965783,0.13169984686064318,0.40421052631578946,0.6546393744089423,,
5,0.49206349206349204,0.1266816143497758,0.6101553752280304,0.8642344497607656,0.07673267326732673,0.07650485436893203,0.16163410301953818,0.6458333333333334,5,0.9971910112359551,0.8013548515640566,0.1728128034832078,0.6875,0.653179190751445,0.21220657276995306,0.22566371681415928,0.07650485436893203,0.08270676691729323,0.6458333333333334,0.9586929668199018,0.8490184173244283,0.8625525649653438,0.704381848,0.14177761784814683,0.8627450980392157,0.49206349206349204,0.16163410301953818,0.8897503117505894,0.653179190751445,0.9943207632894139,0.8627450980392157,0.21523809523809523,0.10434018521898003,0.8419198590929106,6.0,0.8462052533705253,0.8408255006129955,0.40674181844074575,0.817269252579147,0.060689655172413794,0.8597563136174767,0.21523809523809523,0.16666666666666669,0.7002464823912299,0.9291376411241893,0.08270676691729323,0.40674181844074575,0.9656862745098039,0.030155642023346304,0.1476510067114094,0.13598074608904934,0.40674181844074575,0.8522935720871362,0.05762081784386617,0.2908054169636493,0.31153053008528214,0.15786155916164932,0.22566371681415928,0.8482514921535321,0.13276231263383298,1777048114.713349,0.11340206185567012,0.4088176352705411,0.6751366824924361,,
6,0.30952380952380953,0.10464201416207711,0.5989893271267115,0.8829744816586922,0.10182767624020887,0.07262135922330097,0.16222616933096506,0.7291666666666666,6,0.9979935794542536,0.7969715082685794,0.17420786211616557,0.5543478260869565,0.7687861271676301,0.18421052631578946,0.168141592920354,0.07262135922330097,0.15338345864661654,0.7291666666666666,0.9561559871157395,0.9303784658975915,0.8579087427792562,0.704381848,0.13516443801951572,0.8823529411764706,0.30952380952380953,0.16222616933096506,0.8898218577317779,0.7687861271676301,0.9813721035892776,0.8823529411764706,0.24571428571428572,0.10213006884734703,0.7974460590048437,7.0,0.8637261738726174,0.7674703718839395,0.4162112801298917,0.8134029884058278,0.07120253164556962,0.8478023107213976,0.24571428571428572,0.1639135959339263,0.6819965286266072,0.9639682920970454,0.15338345864661654,0.4162112801298917,0.9739583333333334,0.03320683111954459,0.24028268551236748,0.12297426120114395,0.4162112801298917,0.8472226237860725,0.06352087114337567,0.25207296849087896,0.30818384150837247,0.16552229145137354,0.168141592920354,0.8534222132182206,0.15324165029469547,1777048538.125744,0.13177159590043924,0.5033112582781457,0.6773825715332883,,
7,0.48412698412698413,0.1349095966620306,0.6112134364974523,0.9465709728867624,0.07741116751269035,0.0683495145631068,0.14860864416814684,0.8958333333333334,7,0.9971910112359551,0.6666666666666666,0.15455248364106033,0.782608695652174,0.5606936416184971,0.21748878923766815,0.2179203539823009,0.0683495145631068,0.02706766917293233,0.8958333333333334,0.9567306188823217,0.8528637927545032,0.8598480526623237,0.704381848,0.12762871646120377,0.8431372549019608,0.48412698412698413,0.14860864416814684,0.8883851865769755,0.5606936416184971,0.9988641526578828,0.8431372549019608,0.22476190476190477,0.103406677534289,0.8339938353148393,8.0,0.8698944012751544,0.8729055986922762,0.41523633205762756,0.8174338662940912,0.1382636655948553,0.8560700728271731,0.22476190476190477,0.16893342877594847,0.6896484835859096,0.9380254624069181,0.02706766917293233,0.41523633205762756,0.9617486338797814,0.02505827505827506,0.05232558139534884,0.1353211009174312,0.41523633205762756,0.8416730113755007,0.048752834467120185,0.2899190581309786,0.33603602103053387,0.15951208518694726,0.2179203539823009,0.8543928532468948,0.1334792122538293,1777048949.0860565,0.23756906077348067,0.432967032967033,0.6908882380324151,,
8,0.1984126984126984,0.13793103448275862,0.6410555450713972,0.8389154704944178,0.1201923076923077,0.11339805825242719,0.1647917900138149,0.8541666666666666,8,0.9907704654895666,0.6088862323171946,0.2019460093508796,0.7555555555555555,0.5317919075144508,0.21904761904761902,0.21460176991150443,0.11339805825242719,0.05112781954887218,0.8541666666666666,0.9631023860900022,0.9629629629629629,0.8445139427396297,0.704381848,0.20207612456747404,0.9019607843137255,0.1984126984126984,0.1647917900138149,0.8912730720276834,0.5317919075144508,0.9975011358473421,0.9019607843137255,0.21142857142857144,0.09932627572659278,0.89740202553941,9.0,0.8654944544065883,0.8825091949325705,0.3846110345061146,0.8165245501287661,0.053864168618266976,0.847948768221557,0.21142857142857144,0.2014519056261343,0.7074429923111099,0.9512370886380015,0.05112781954887218,0.3846110345061146,0.926984126984127,0.020459081836327345,0.09577464788732395,0.1923743500866551,0.3846110345061146,0.8319953225842722,0.03996101364522417,0.2982321291314374,0.3370032015826925,0.163487687158893,0.21460176991150443,0.8306429896055727,0.14970059880239522,1777049355.1055224,0.1016574585635359,0.48866498740554154,0.6857931048156894,,
9,0.3253968253968254,0.13686806411837238,0.6299322723364996,0.8757974481658692,0.09255079006772009,0.07300970873786408,0.16577856719952636,0.8958333333333334,9,0.9971910112359551,0.701534170153417,0.1821419278370483,0.5895522388059702,0.6416184971098265,0.22560975609756095,0.22787610619469026,0.07300970873786408,0.11879699248120301,0.8958333333333334,0.9700956937799043,0.9186399514268366,0.8536068704245848,0.704381848,0.13574007220216605,0.8823529411764706,0.3253968253968254,0.16577856719952636,0.8907035275075333,0.6416184971098265,0.9875056792367106,0.8823529411764706,0.2419047619047619,0.09894842621651571,0.8432408630559225,10.0,0.8697574217971706,0.8569677155700858,0.4258486457918719,0.8201369974849355,0.06736526946107785,0.8559448752867141,0.2419047619047619,0.18621700879765393,0.7149846732381132,0.9447513812154696,0.11879699248120301,0.4258486457918719,0.9641025641025641,0.027903958468526932,0.19774718397997498,0.15137067938021453,0.4258486457918719,0.8251735558960815,0.05412208936438012,0.30746268656716413,0.3127738285780787,0.1720231409516941,0.22787610619469026,0.8416006171204163,0.14411247803163443,1777049749.3332047,0.1251738525730181,0.4724770642201835,0.6752160662107256,,
10,0.5317460317460317,0.15028901734104047,0.622762366064876,0.8967304625199362,0.08312655086848635,0.08776699029126214,0.1705150976909414,0.8541666666666666,10,0.9979935794542536,0.7346084877465631,0.18658228153190592,0.6867469879518072,0.6011560693641619,0.24046242774566473,0.22787610619469026,0.08776699029126214,0.08571428571428572,0.8541666666666666,0.9708892328861369,0.85043513458814,0.8661315943197385,0.704381848,0.1610833927298646,0.8823529411764706,0.5317460317460317,0.1705150976909414,0.8911319195320635,0.6011560693641619,0.9940935938209905,0.8823529411764706,0.22476190476190477,0.09341061880673802,0.8423601937472479,11.0,0.8698944012751544,0.879852881078872,0.4369426244894342,0.8226487916672434,0.07992895204262877,0.8648185462439556,0.22476190476190477,0.1736571008094187,0.6962404792323439,0.9329810233005045,0.08571428571428572,0.4369426244894342,0.9783549783549783,0.02986161689730517,0.15240641711229946,0.14148681055155876,0.4369426244894342,0.8398579427723326,0.057705840957072485,0.2966162706983441,0.32181714775613024,0.17153600983090744,0.22787610619469026,0.8505957705434086,0.14377682403433475,1777050142.8317826,0.14657980456026057,0.4247422680412371,0.6860434343152836,,
11,0.3253968253968254,0.11203319502074689,0.6236384223438385,0.8797846889952153,0.08951965065502183,0.11300970873786408,0.19182948490230906,0.6875,11,0.9959871589085072,0.8360231121737398,0.2139984296732201,0.6416666666666667,0.7803468208092486,0.19593613933236573,0.2345132743362832,0.11300970873786408,0.11578947368421053,0.6875,0.9704279638490164,0.9156041287188829,0.8754441760922068,0.704381848,0.2023643949930459,0.9019607843137255,0.3253968253968254,0.19182948490230906,0.8931243607486538,0.7803468208092486,0.9902317128577919,0.9019607843137255,0.26095238095238094,0.09537280164438418,0.8110964332892999,12.0,0.8667106661353523,0.7813649366571311,0.42743365852881726,0.8266492186483537,0.07087827426810478,0.865374848522787,0.26095238095238094,0.18026315789473688,0.6960276370639791,0.934902714388662,0.11578947368421053,0.42743365852881726,0.9667774086378738,0.038551401869158876,0.1961783439490446,0.13768844221105528,0.42743365852881726,0.8504672596961607,0.07300884955752213,0.3056957462148522,0.31200480434672034,0.17816077028428107,0.2345132743362832,0.865102775483489,0.1404109589041096,1777050538.8575516,0.13142857142857142,0.4389233954451346,0.6752239629401182,,
12,0.4444444444444444,0.16045380875202594,0.6681487073032647,0.8229665071770335,0.10894941634241245,0.12466019417475728,0.19123741859088217,0.8541666666666666,12,0.9943820224719101,0.7415819884439131,0.2234698851901728,0.7307692307692307,0.5722543352601156,0.25063291139240507,0.24225663716814158,0.12466019417475728,0.08571428571428572,0.8541666666666666,0.9735982112143103,0.9073062133171422,0.8699429172659044,0.704381848,0.2206185567010309,0.9215686274509803,0.4444444444444444,0.19123741859088217,0.8939424101079577,0.5722543352601156,0.9952294411631076,0.9215686274509803,0.24571428571428572,0.0973866145890184,0.8617349185380889,13.0,0.884746297403201,0.8941561095218635,0.43634743457420966,0.8343337459160376,0.05026737967914439,0.8666043828588031,0.24571428571428572,0.20124804992199685,0.7135556280677438,0.9341820802306029,0.08571428571428572,0.43634743457420966,0.9582089552238806,0.030642750373692077,0.15343203230148048,0.17040951122853368,0.43634743457420966,0.8422030756578418,0.05916305916305915,0.31352899069434503,0.3317400149132549,0.18361978572158685,0.24225663716814158,0.8558707475572317,0.175,1777050935.5657535,0.0953346855983773,0.44421906693711966,0.6887525659806563,,
13,0.36507936507936506,0.1325153374233129,0.6146815961082803,0.851475279106858,0.1111111111111111,0.09980582524271844,0.17643576080521017,0.8541666666666666,13,0.9967897271268058,0.6845985256027097,0.2014313611876243,0.654320987654321,0.6242774566473989,0.21862348178137656,0.2942477876106195,0.09980582524271844,0.07969924812030076,0.8541666666666666,0.9775854520436563,0.9255211495648654,0.8588010234582366,0.704381848,0.18098591549295773,0.9019607843137255,0.36507936507936506,0.17643576080521017,0.8922476219308331,0.6242774566473989,0.9936392548841436,0.9019607843137255,0.14666666666666667,0.09211626092260251,0.9260237780713342,14.0,0.8740992561599256,0.8555373927257867,0.4207379750434327,0.8215267855726682,0.05815423514538559,0.8567799192593973,0.14666666666666667,0.16417910447761194,0.6948744098346367,0.9043958683641604,0.07969924812030076,0.4207379750434327,0.969811320754717,0.025246305418719212,0.14209115281501342,0.1864406779661017,0.4207379750434327,0.842088228396668,0.049043062200956944,0.3392857142857143,0.31727529813902783,0.17173030742265574,0.2942477876106195,0.8533043993205442,0.17037037037037037,1777051333.4771237,0.10926365795724467,0.4006024096385542,0.6776231269006754,,
14,0.4444444444444444,0.14308681672025725,0.6374838019752154,0.8736044657097288,0.09195402298850575,0.12893203883495147,0.18630353266232486,0.875,14,0.9943820224719101,0.6792189679218968,0.2254114236680213,0.7126436781609196,0.5144508670520231,0.22389937106918242,0.2345132743362832,0.12893203883495147,0.09323308270676692,0.875,0.9754315601838822,0.8880793361667678,0.8642062903738218,0.704381848,0.22731941116056148,0.9019607843137255,0.4444444444444444,0.18630353266232486,0.893762554174504,0.5144508670520231,0.9943207632894139,0.9019607843137255,0.2,0.09117711022933023,0.8844121532364597,15.0,0.8766354519492595,0.8910911319983653,0.4240668114610243,0.8241279062445912,0.06764705882352941,0.8499566533043883,0.2,0.1818181818181818,0.6985729743058846,0.9449915926014893,0.09323308270676692,0.4240668114610243,0.9595375722543352,0.025423728813559324,0.16489361702127658,0.16666666666666666,0.4240668114610243,0.8404683198247254,0.049411764705882356,0.31524163568773234,0.3309606460013174,0.18010249087547803,0.2345132743362832,0.8502681980395518,0.15238095238095237,1777051736.5270233,0.12585499316005472,0.48072562358276644,0.6922841569810445,,
15,0.6507936507936508,0.16104868913857678,0.6425048751336732,0.8584529505582137,0.07743153918791312,0.08466019417475729,0.15966054864811527,0.7708333333333334,15,0.9959871589085072,0.7274357441721458,0.1798800953760935,0.7142857142857143,0.49710982658959535,0.24328147100424327,0.21349557522123894,0.08466019417475729,0.07518796992481203,0.7708333333333334,0.9703380554773744,0.8022667476219388,0.8721104214420651,0.704381848,0.1555476275419194,0.9411764705882353,0.6507936507936508,0.15966054864811527,0.8904783880155225,0.49710982658959535,0.9954566106315311,0.9411764705882353,0.18095238095238095,0.09222754094278329,0.8910171730515192,16.0,0.8574458723517301,0.9084593379648549,0.42677617519725053,0.8252276442168056,0.0633245382585752,0.8599618265612488,0.18095238095238095,0.17040358744394618,0.7086358119038559,0.9447513812154696,0.07518796992481203,0.42677617519725053,0.956140350877193,0.026334519572953737,0.13605442176870747,0.16101694915254236,0.42677617519725053,0.839021083708394,0.05092911218169305,0.2908816880180859,0.32698088448589746,0.1630199438715723,0.21349557522123894,0.8518032071561034,0.13839662447257384,1777052138.8378031,0.11866501854140916,0.4562647754137116,0.6860410626282202,,
16,0.40476190476190477,0.14794520547945206,0.6564458702899918,0.863835725677831,0.10602910602910603,0.10135922330097087,0.1847246891651865,0.8541666666666666,16,0.9955858747993579,0.702928870292887,0.21033396901013607,0.7282608695652174,0.6242774566473989,0.239202657807309,0.26216814159292035,0.10135922330097087,0.10075187969924812,0.8541666666666666,0.9728476717640804,0.9129730823719895,0.8723201688911055,0.704381848,0.18335089567966278,0.9215686274509803,0.40476190476190477,0.1847246891651865,0.8931614332992862,0.6242774566473989,0.9943207632894139,0.9215686274509803,0.2361904761904762,0.08959371237521069,0.8738441215323646,17.0,0.8738003918443249,0.8729055986922762,0.43815554703882076,0.8298801653403218,0.06438356164383562,0.861518528054879,0.2361904761904762,0.20294599018003273,0.7148539387227132,0.9288974297381696,0.10075187969924812,0.43815554703882076,0.9595588235294118,0.026762402088772844,0.17701453104359313,0.17790530846484937,0.43815554703882076,0.8413774603817106,0.05189873417721519,0.3298538622129436,0.33193727310852345,0.1840830905675575,0.26216814159292035,0.8458772927737693,0.1680395387149918,1777052557.5606298,0.1203585147247119,0.4446529080675422,0.6895690368142724,,
17,0.47619047619047616,0.12907117008443908,0.6249661361682497,0.8710127591706539,0.07863695937090433,0.1196116504854369,0.18156700217090982,0.8125,17,0.9951845906902087,0.7501494321578004,0.21269096022518172,0.7058823529411765,0.6184971098265896,0.2135728542914172,0.21017699115044247,0.1196116504854369,0.10827067669172932,0.8125,0.9751774713075022,0.8577211090872293,0.8734532833674372,0.704381848,0.2127806563039724,0.9607843137254902,0.47619047619047616,0.18156700217090982,0.8928804384009412,0.6184971098265896,0.9931849159472966,0.9607843137254902,0.18095238095238095,0.08959511133790328,0.8852928225451343,18.0,0.8764569635385535,0.8524724152022886,0.4358729498778182,0.8244959399084055,0.07040229885057471,0.8592011924475175,0.18095238095238095,0.16652059596844873,0.6885486661890783,0.9380254624069181,0.10827067669172932,0.4358729498778182,0.9625,0.030162412993039442,0.1877444589308996,0.15422077922077923,0.4358729498778182,0.838738382757812,0.058165548098434,0.28106508875739644,0.319372889539757,0.17325297023199143,0.21017699115044247,0.8594254234910939,0.13498312710911137,1777052958.6224227,0.13119143239625167,0.42410714285714285,0.6807744056266105,,
18,0.5634920634920635,0.14202898550724638,0.6411329181606592,0.8744019138755981,0.09161290322580645,0.12310679611650485,0.1936056838365897,0.7916666666666666,18,0.9955858747993579,0.7527395895596732,0.2247398397452605,0.6521739130434783,0.5664739884393064,0.22711471610660489,0.24225663716814158,0.12310679611650485,0.11278195488721804,0.7916666666666666,0.9763814616755793,0.857518720906699,0.8718545568828934,0.704381848,0.21839476403720293,0.9215686274509803,0.5634920634920635,0.1936056838365897,0.8941571016294526,0.5664739884393064,0.9909132212630622,0.9215686274509803,0.22095238095238096,0.08645935865002179,0.87296345222369,19.0,0.8698487414491598,0.8790355537392726,0.44278738939665774,0.8290545966024981,0.06942392909896603,0.8631827104558845,0.22095238095238096,0.1904761904761905,0.698717792010952,0.9300984866682681,0.11278195488721804,0.44278738939665774,0.9664634146341463,0.029710711493354185,0.19230769230769232,0.1673881673881674,0.44278738939665774,0.8526630108293739,0.05727204220045215,0.30975954738330974,0.3185267236371309,0.18525606191741545,0.24225663716814158,0.8586555813554831,0.15760266370699225,1777053356.920053,0.12912087912087913,0.4294117647058823,0.6788014491542685,,
19,0.4444444444444444,0.1310734463276836,0.6327766245203499,0.8885566188197768,0.09475465313028765,0.12776699029126212,0.1940003947108743,0.7916666666666666,19,0.9947833065810594,0.7296274158198844,0.22807861060798001,0.6013986013986014,0.6705202312138728,0.21928166351606806,0.22676991150442477,0.12776699029126212,0.1293233082706767,0.7916666666666666,0.9761508271570192,0.8917223234163125,0.861965682037898,0.704381848,0.22557422008913264,0.9019607843137255,0.4444444444444444,0.1940003947108743,0.8942981337796502,0.6705202312138728,0.9870513402998637,0.9019607843137255,0.2038095238095238,0.08739472134388097,0.8846323205636284,20.0,0.8707038254632397,0.8428688189619943,0.4370327325643246,0.8230020784170611,0.07603305785123966,0.8512216209065719,0.2038095238095238,0.18512110726643596,0.6948954017588576,0.9351429257746817,0.1293233082706767,0.4370327325643246,0.9619883040935673,0.02724014336917563,0.21287128712871287,0.16957210776545167,0.4370327325643246,0.8410240841934831,0.05266805266805267,0.29731689630166785,0.3117049076630535,0.18616044312871702,0.22676991150442477,0.8552785612990697,0.15620641562064158,1777053750.9223602,0.14024390243902438,0.43157894736842106,0.6702235412098203,,
20,0.5,0.14022140221402213,0.6366379400725504,0.8528708133971292,0.09224011713030747,0.12,0.18689559897375171,0.7708333333333334,20,0.9939807383627608,0.7712691771269177,0.21488280941494306,0.6633663366336634,0.6589595375722543,0.23123732251521298,0.21349557522123894,0.12,0.10075187969924812,0.7708333333333334,0.9770108202770742,0.8745193280712407,0.8656396784783402,0.704381848,0.2131769575715764,0.9607843137254902,0.5,0.18689559897375171,0.8932990472921218,0.6589595375722543,0.9922762380736029,0.9607843137254902,0.21904761904761905,0.08761398515026492,0.8645970937912814,21.0,0.8750290562529056,0.8571720474049856,0.442984032324898,0.8273170690730413,0.062261753494282084,0.8613141962199792,0.21904761904761905,0.18326693227091634,0.7016210548468493,0.9397069421090559,0.10075187969924812,0.442984032324898,0.9537037037037037,0.031223628691983123,0.17493472584856395,0.15753424657534246,0.442984032324898,0.8448967659653754,0.06001622060016221,0.28635014836795253,0.31690448414099864,0.177709406426069,0.21349557522123894,0.8563870404712557,0.1557478368355995,1777054148.9849012,0.11694510739856802,0.4346846846846847,0.6736018800576872,,
21,0.42857142857142855,0.1423312883435583,0.6406273720408463,0.8855661881977671,0.08780487804878048,0.1087378640776699,0.1819617130451944,0.8333333333333334,21,0.9955858747993579,0.7184698147041243,0.20719157616797668,0.6288659793814433,0.6705202312138728,0.2348178137651822,0.2411504424778761,0.1087378640776699,0.09172932330827067,0.8333333333333334,0.9742353879350784,0.8864602307225258,0.8665343504148832,0.704381848,0.19539427773900908,0.9019607843137255,0.42857142857142855,0.1819617130451944,0.8927025332067848,0.6705202312138728,0.991821899136756,0.9019607843137255,0.2038095238095238,0.08622077454000629,0.8795684720387494,22.0,0.8766437537358039,0.8571720474049856,0.4349766163882126,0.8275099013743464,0.07419354838709677,0.8603799391020266,0.2038095238095238,0.18150975402883798,0.7009750881660818,0.926975738650012,0.09172932330827067,0.4349766163882126,0.9621993127147767,0.02752924982794219,0.16010498687664043,0.1636085626911315,0.4349766163882126,0.8430704535744,0.05329780146568954,0.30575035063113604,0.3130196675584408,0.1767165956509055,0.2411504424778761,0.857612866025651,0.145748987854251,1777054550.9976778,0.13710879284649774,0.41762452107279696,0.6710239138482194,,
22,0.36507936507936506,0.1194331983805668,0.6265282757753037,0.895933014354067,0.07849829351535836,0.11223300970873787,0.1697256759423722,0.8125,22,0.9951845906902087,0.6881848973899183,0.19942206965040563,0.5842696629213483,0.6820809248554913,0.20327304048234282,0.2079646017699115,0.11223300970873787,0.07819548872180451,0.8125,0.971678862932733,0.8907103825136612,0.8625757943245209,0.704381848,0.20097357440890126,0.9019607843137255,0.36507936507936506,0.1697256759423722,0.8917097671750283,0.6820809248554913,0.9915947296683326,0.9019607843137255,0.15619047619047619,0.08441359820131152,0.9053280493174812,23.0,0.8701019459387661,0.8222313036371066,0.41452558132993894,0.8205647588175754,0.08098591549295775,0.8518936718548843,0.15619047619047619,0.15814850530376084,0.6943429687151241,0.9445111698294499,0.07819548872180451,0.41452558132993894,0.9601328903654485,0.024314214463840397,0.13793103448275862,0.16015625,0.41452558132993894,0.8310653007070737,0.04721549636803874,0.28420256991685566,0.3070597219968553,0.16369806519452765,0.2079646017699115,0.8563312502921973,0.12921348314606743,1777054948.2085207,0.14862681744749598,0.4486873508353222,0.6683297823615623,,
23,0.4444444444444444,0.11952191235059761,0.6323339833511564,0.8873604465709729,0.09286898839137644,0.1262135922330097,0.1876850207223209,0.7916666666666666,23,0.9951845906902087,0.7521418609284718,0.21663044820684596,0.6923076923076923,0.6936416184971098,0.20390824129141888,0.2245575221238938,0.1262135922330097,0.081203007518797,0.7916666666666666,0.9721674953873096,0.8892936652499493,0.8696426436377176,0.704381848,0.2232142857142857,0.9215686274509803,0.4444444444444444,0.1876850207223209,0.8934608764808072,0.6936416184971098,0.9945479327578374,0.9215686274509803,0.2057142857142857,0.08907835377767047,0.87296345222369,24.0,0.8793376834694826,0.8193706579485084,0.43612622058114847,0.8270992663927026,0.07679738562091504,0.8567149582714235,0.2057142857142857,0.17851239669421487,0.6998896196794772,0.9368244054768196,0.081203007518797,0.43612622058114847,0.9643916913946587,0.029641185647425898,0.14535666218034993,0.15766423357664233,0.43612622058114847,0.8464596524705814,0.05714285714285714,0.2963503649635036,0.3211019258607344,0.17498746417791525,0.2245575221238938,0.8602480948744721,0.15363511659807955,1777055349.885071,0.14177978883861236,0.4356223175965665,0.6824526831285976,,
24,0.42857142857142855,0.13302752293577982,0.6348975697720745,0.8775917065390749,0.08681672025723473,0.12699029126213593,0.1876850207223209,0.7916666666666666,24,0.9947833065810594,0.7417812313209803,0.21850205838883544,0.6444444444444445,0.6705202312138728,0.22200956937799043,0.2157079646017699,0.12699029126213593,0.08721804511278196,0.7916666666666666,0.9744503862150922,0.885043513458814,0.8685792172389173,0.704381848,0.2243567753001715,0.9411764705882353,0.42857142857142855,0.1876850207223209,0.8935506161099204,0.6705202312138728,0.9927305770104498,0.9411764705882353,0.21904761904761905,0.08256304987746321,0.8681197710259797,25.0,0.8698030816231653,0.8455251328156926,0.4351123396330638,0.8257134078527976,0.07250755287009064,0.8587004022856818,0.21904761904761905,0.18563357546408396,0.6966108936926443,0.942829690127312,0.08721804511278196,0.4351123396330638,0.961764705882353,0.02848575712143928,0.15364238410596026,0.16106442577030813,0.4351123396330638,0.8470330856487505,0.05499276410998552,0.2916978309648467,0.31730719370062194,0.17642003528778005,0.2157079646017699,0.855632626346055,0.14438502673796794,1777055750.569283,0.13464235624123422,0.4503464203233256,0.6780717447134039,,
25,0.3968253968253968,0.13434579439252337,0.6433792539472856,0.8783891547049442,0.10183299389002037,0.13281553398058252,0.1908427077165976,0.8541666666666666,25,0.9943820224719101,0.71249252839211,0.2241270404697881,0.6428571428571429,0.6647398843930635,0.22351797862001943,0.2234513274336283,0.13281553398058252,0.081203007518797,0.8541666666666666,0.973895299746693,0.9107468123861566,0.8692190494409582,0.704381848,0.23336745138178097,0.9215686274509803,0.3968253968253968,0.1908427077165976,0.8940146717772052,0.6647398843930635,0.9931849159472966,0.9215686274509803,0.22095238095238096,0.08207504510553389,0.8731836195508587,26.0,0.8736800159394301,0.8485901103391909,0.43696535315268703,0.8278854403606345,0.0715372907153729,0.8582929197247544,0.22095238095238096,0.19063270336894,0.6996169903851672,0.9411482104251742,0.081203007518797,0.43696535315268703,0.9606741573033708,0.027628032345013476,0.1441922563417891,0.1676300578034682,0.43696535315268703,0.8511161868781784,0.05352480417754569,0.29903774981495185,0.3198008794128048,0.17988948244774045,0.2234513274336283,0.8538838068226089,0.1620745542949757,1777056150.7119436,0.1327683615819209,0.4519015659955257,0.6786674715022794,,
26,0.4126984126984127,0.1288888888888889,0.6354238745255918,0.8797846889952153,0.10256410256410256,0.12854368932038834,0.19163212946516678,0.8333333333333334,26,0.9947833065810594,0.7379956166567045,0.22276227265188747,0.616822429906542,0.6705202312138728,0.2162162162162162,0.22676991150442477,0.12854368932038834,0.09924812030075188,0.8333333333333334,0.9746145667198298,0.907913377858733,0.8700812685962976,0.704381848,0.22678999657416923,0.9411764705882353,0.4126984126984127,0.19163212946516678,0.8938333518466385,0.6705202312138728,0.9906860517946388,0.9411764705882353,0.21523809523809523,0.0829505316455004,0.8650374284456187,27.0,0.8724139934913994,0.8398038414384961,0.4409410330246893,0.82719224858483,0.07373271889400922,0.857606695469975,0.21523809523809523,0.1806554756195044,0.6998856338710809,0.9346625030026423,0.09924812030075188,0.4409410330246893,0.9622093023255814,0.02952029520295203,0.17098445595854922,0.15564738292011018,0.4409410330246893,0.8503580343288903,0.05702066999287241,0.2968863142650254,0.31239431409196616,0.18120028297483684,0.22676991150442477,0.8571539216755756,0.1642969984202212,1777056549.201297,0.13675213675213677,0.429769392033543,0.6707125465446604,,
27,0.4126984126984127,0.13669950738916256,0.6352339015747206,0.8837719298245614,0.0994263862332696,0.1262135922330097,0.18689559897375171,0.8541666666666666,27,0.9947833065810594,0.7035265989240884,0.21866412666212892,0.6341463414634146,0.6416184971098265,0.22538071065989845,0.22566371681415928,0.1262135922330097,0.07819548872180451,0.8541666666666666,0.9734066672921162,0.904675166970249,0.8663266526151816,0.704381848,0.22313765877102643,0.9215686274509803,0.4126984126984127,0.18689559897375171,0.893546924661724,0.6416184971098265,0.9931849159472966,0.9215686274509803,0.21904761904761905,0.08163551026639046,0.8681197710259797,28.0,0.8721773925748821,0.8567633837351859,0.43489657759280986,0.82584467103457,0.0746031746031746,0.8579940991800741,0.21904761904761905,0.18563357546408396,0.69974480197441,0.9435503242853711,0.07819548872180451,0.43489657759280986,0.9615384615384616,0.026814911706998037,0.1392235609103079,0.16106442577030813,0.43489657759280986,0.8479101010977148,0.05199746353836398,0.3037974683544304,0.3198732114525633,0.1784311595323983,0.22566371681415928,0.8539637519674608,0.16024653312788906,1777056946.9135182,0.1380323054331865,0.4646924829157175,0.6796089008743526,,
28,0.4365079365079365,0.13276492082825822,0.637770648550041,0.8696172248803827,0.09482758620689655,0.12116504854368933,0.18215906848233668,0.8541666666666666,28,0.9939807383627608,0.7128910141462442,0.213430505041347,0.6627906976744186,0.630057803468208,0.2193158953722334,0.21349557522123894,0.12116504854368933,0.08571428571428572,0.8541666666666666,0.9748764737154829,0.8937462052216151,0.8662976159162102,0.704381848,0.2150241212956582,0.9607843137254902,0.4365079365079365,0.18215906848233668,0.8930805946633008,0.630057803468208,0.9934120854157201,0.9607843137254902,0.2038095238095238,0.0830656495675124,0.8795684720387494,29.0,0.8718743773660091,0.8545157335512873,0.4382126442071299,0.8257331213330479,0.06970128022759602,0.8553755808102879,0.2038095238095238,0.18150975402883798,0.698279353087354,0.9469132836896469,0.08571428571428572,0.4382126442071299,0.9541284403669725,0.02766531713900135,0.151797603195739,0.1636085626911315,0.4382126442071299,0.8474346494990089,0.05359477124183007,0.2928679817905918,0.3214587975016877,0.17498637089563063,0.21349557522123894,0.8539562717199893,0.1558073654390935,1777057345.507326,0.129973474801061,0.46618357487922707,0.6798421753861742,,
29,,,,,,,,,29,,,,,,,,,,,,,,0.710820966,,,,,,,,,,,,,,,,,,,,,,,,,,,,,,,,,,,,,,1777057472.138885,,,,"{'path': 'media/images/confusion_matrix/final_29_3e010650db5d29dfbcce.png', 'sha256': '3e010650db5d29dfbccea2fe8208c92c0cb20f35c82fb5ed6e8ef374508d8126', 'size': 76482, 'width': 1198, '_type': 'image-file', 'format': 'png', 'height': 1034}","{'size': 83091, 'width': 1198, '_type': 'image-file', 'format': 'png', 'height': 1034, 'path': 'media/images/confusion_matrix/best_29_ffaf10a4a183ea4e38ea.png', 'sha256': 'ffaf10a4a183ea4e38eaa7caaf06b29cc95762ef77b2a01e3bb76f0fe7eac844'}"
