,val/sensitivity_SCC,val/precision_AK,val/auc_BKL,val/specificity_VASC,val/precision_SCC,val/recall_NV,val/acc,val/recall_DF,_step,val/specificity_NV,val/specificity_DF,val/f1_weighted,val/precision_BCC,val/recall_AK,val/f1_AK,val/sensitivity_MEL,val/sensitivity_NV,val/recall_BCC,val/sensitivity_DF,val/auc_VASC,val/specificity_SCC,val/auc_BCC,_runtime,val/f1_NV,val/recall_VASC,val/recall_SCC,val/recall_weighted,val/specificity_macro,val/sensitivity_AK,val/specificity_BCC,val/sensitivity_VASC,val/sensitivity_BKL,train/loss,val/specificity_BKL,epoch,val/auc_DF,val/specificity_AK,val/sensitivity_macro,val/auc_macro,val/precision_VASC,val/auc_AK,val/recall_BKL,val/f1_BKL,val/auc_MEL,val/specificity_MEL,val/sensitivity_BCC,val/bacc,val/precision_NV,val/precision_DF,val/f1_BCC,val/precision_BKL,val/recall_macro,val/auc_SCC,val/f1_DF,val/f1_MEL,val/precision_macro,val/f1_macro,val/recall_MEL,val/auc_NV,val/f1_SCC,_timestamp,val/f1_VASC,val/precision_MEL,val/precision_weighted
0,0.4365079365079365,0.3016304347826087,0.8433402528779015,0.9615231259968102,0.23605150214592274,0.6966990291262136,0.6262088020524965,0.625,0,0.9077046548956661,0.9717075114564654,0.6521699242994076,0.6907051282051282,0.6416184971098265,0.41035120147874304,0.5088495575221239,0.6966990291262136,0.6481203007518797,0.625,0.9974825655940206,0.9639749038656142,0.9501832728117431,504.882490685,0.7801696020874104,1.0,0.4365079365079365,0.6262088020524965,0.943359973169357,0.6416184971098265,0.9561562925942754,1.0,0.45904761904761904,1.5083516697026202,0.9262439453985029,1,0.9474912001062629,0.9474867184307315,0.6269803675081999,0.9144409650344442,0.20901639344262296,0.932116948676095,0.45904761904761904,0.43778383287920075,0.8214987596164269,0.9120826327167908,0.6481203007518797,0.6269803675081999,0.8863636363636364,0.1744186046511628,0.6687354538401862,0.4184027777777778,0.6269803675081999,0.9162723309657129,0.2727272727272727,0.5317919075144509,0.43418615047013887,0.4692160834535549,0.5088495575221239,0.9071423896273904,0.3064066852367688,1777245435.592695,0.34576271186440677,0.5569007263922519,0.7037224141427492
1,0.5396825396825397,0.27070707070707073,0.8713337946363046,0.9808612440191388,0.4146341463414634,0.7530097087378641,0.6751529504637853,0.6875,1,0.8996789727126806,0.9788802550308826,0.6930923643397615,0.6948640483383686,0.7745664739884393,0.4011976047904192,0.5221238938053098,0.7530097087378641,0.6917293233082706,0.6875,0.9987569190355567,0.9805707346690953,0.9602306538723,1006.695659358,0.8140218303946264,0.9803921568627451,0.5396825396825397,0.6751529504637853,0.949684814310858,0.7745664739884393,0.9541117673784644,0.9803921568627451,0.5047619047619047,1.0952982378870908,0.9379128137384413,2,0.9676105797967722,0.9262362076011442,0.6817207501433842,0.9321554491446735,0.3424657534246575,0.947028448188297,0.5047619047619047,0.4944029850746268,0.855467147372874,0.9392265193370166,0.6917293233082706,0.6817207501433842,0.8857925993604385,0.23741007194244604,0.693293142426526,0.4844606946983547,0.6817207501433842,0.9380146040741061,0.3529411764705882,0.5794966236955187,0.49767110844642753,0.5389916366614568,0.5221238938053098,0.9188014461811778,0.46896551724137925,1777245937.4060006,0.5076142131979696,0.6510344827586206,0.7329416292042266
2,0.5952380952380952,0.3583061889250814,0.8911169822398355,0.9932216905901117,0.31512605042016806,0.7133980582524272,0.6883757647523189,0.7916666666666666,2,0.9357945425361156,0.9864514843594342,0.7039664107006169,0.683853459972863,0.6358381502890174,0.45833333333333337,0.6227876106194691,0.7133980582524272,0.7578947368421053,0.7916666666666666,0.9985849204115458,0.9670107265735681,0.9621081326669696,1509.023623663,0.8035870516185477,0.9215686274509803,0.5952380952380952,0.6883757647523189,0.952719444209708,0.6358381502890174,0.9470695138573376,0.9215686274509803,0.5980952380952381,0.9471117602396839,0.9299867899603699,3,0.9690011290429701,0.9597466285247241,0.7045608979317499,0.9412275812809487,0.5802469135802469,0.9527296607146652,0.5980952380952381,0.5427830596369922,0.8722123256075965,0.9024741772760029,0.7578947368421053,0.7045608979317499,0.9198798197295944,0.3584905660377358,0.7189728958630527,0.49683544303797467,0.7045608979317499,0.9513529489242908,0.49350649350649345,0.6011745862253071,0.536718724201606,0.5928208180491064,0.6227876106194691,0.9327145506397171,0.41208791208791207,1777246439.7340624,0.7121212121212122,0.5810113519091847,0.7416654725095487
3,0.6666666666666666,0.34770114942528735,0.8760831184080855,0.9852472089314195,0.35294117647058826,0.7262135922330097,0.6921255180580225,0.7916666666666666,3,0.9321829855537721,0.983462841203427,0.7078505395426752,0.6936572199730094,0.6994219653179191,0.46449136276391556,0.584070796460177,0.7262135922330097,0.7729323308270677,0.7916666666666666,0.9987491009162835,0.9688322201983404,0.9643125305312351,2016.549000859,0.8105765062852189,0.9803921568627451,0.6666666666666666,0.6921255180580225,0.953409380203449,0.6994219653179191,0.9484325306678782,0.9803921568627451,0.5752380952380952,0.8480822857622092,0.9354909731395861,4,0.9809473998804542,0.9536166734777278,0.7245752837840433,0.9426728966418201,0.4032258064516129,0.9532080098079281,0.5752380952380952,0.5392857142857143,0.8726560789423896,0.9200096084554408,0.7729323308270677,0.7245752837840433,0.9171162334477685,0.3140495867768595,0.7311522048364154,0.507563025210084,0.7245752837840433,0.962775031081042,0.44970414201183434,0.5983002832861191,0.5186868269842096,0.5783096558045313,0.584070796460177,0.9326519035671431,0.46153846153846156,1777246947.2593398,0.5714285714285714,0.6132404181184669,0.7467846974550292
4,0.7222222222222222,0.4267241379310345,0.9077939233817701,0.9906299840510366,0.35271317829457366,0.7339805825242719,0.7148213933293862,0.7083333333333334,4,0.930577849117175,0.9938234708109185,0.7264864398386455,0.7142857142857143,0.5722543352601156,0.4888888888888889,0.6537610619469026,0.7339805825242719,0.8120300751879699,0.7083333333333334,0.9986357381868218,0.9662011738514471,0.968723717517328,2521.295765682,0.815006468305304,0.9411764705882353,0.7222222222222222,0.7148213933293862,0.9560422596414875,0.5722543352601156,0.9509313948205361,0.9411764705882353,0.6266666666666667,0.7531555139633007,0.931748128577719,5,0.9558677027296274,0.9728238659583163,0.7213030934662146,0.9475294778462368,0.5052631578947369,0.9556304641049203,0.6266666666666667,0.5652920962199313,0.8919439372134206,0.9116022099447514,0.8120300751879699,0.7213030934662146,0.9161415414444983,0.5230769230769231,0.7600281491907108,0.514866979655712,0.7213030934662146,0.9648551318253807,0.6017699115044248,0.6344605475040258,0.5711673221646614,0.6246173301902451,0.6537610619469026,0.9367852078106251,0.4739583333333333,1777247452.0061412,0.6575342465753425,0.616266944734098,0.7559929349251956
5,0.6746031746031746,0.38699690402476783,0.904163888364681,0.9952153110047847,0.5029585798816568,0.749126213592233,0.7317939609236235,0.7708333333333334,5,0.9333868378812199,0.9942219565650527,0.7418198228585203,0.7406417112299465,0.7225433526011561,0.5040322580645161,0.6747787610619469,0.749126213592233,0.8330827067669173,0.7708333333333334,0.9985575569940895,0.9829993928354585,0.9757031151253874,3024.28215968,0.8261241970021413,0.9215686274509803,0.6746031746031746,0.7317939609236235,0.958380762650511,0.7225433526011561,0.9559291231258519,0.9215686274509803,0.6114285714285714,0.6890516078293512,0.9423161602818142,6,0.9708109185096632,0.9595422966898243,0.7447455926047891,0.9517654045311519,0.6619718309859155,0.9615785283855895,0.6114285714285714,0.5794223826714802,0.8965847467895641,0.9034350228200817,0.8330827067669173,0.7447455926047891,0.920763723150358,0.5606060606060606,0.7841472045293703,0.5506003430531733,0.7447455926047891,0.9644599929967266,0.6491228070175438,0.6367432150313151,0.6159132439188564,0.6657943817544667,0.6747787610619469,0.9422644890835139,0.5762711864406781,1777247954.9925396,0.7704918032786885,0.6027667984189723,0.7674072608455693
6,0.5793650793650794,0.4517374517374517,0.9266897318152272,0.9860446570972887,0.5251798561151079,0.7669902912621359,0.7313992500493388,0.8541666666666666,6,0.9181380417335474,0.9778840406455469,0.741697265528114,0.7327001356852103,0.6763005780346821,0.5416666666666667,0.6238938053097345,0.7669902912621359,0.8120300751879699,0.8541666666666666,0.9992729149075898,0.986642380085003,0.9733395278291138,3530.107993225,0.8308792595708876,0.9803921568627451,0.5793650793650794,0.7313992500493388,0.9578164192820795,0.6763005780346821,0.9552476147205815,0.9803921568627451,0.659047619047619,0.6296996632914061,0.9478203434610304,7,0.9786436541143654,0.9709848794442174,0.7440232839670791,0.9540706511543112,0.4166666666666667,0.9656415429061419,0.659047619047619,0.6245487364620939,0.8908993896930183,0.9197693970694211,0.8120300751879699,0.7440232839670791,0.9063790729692519,0.26973684210526316,0.7703281027104136,0.5934819897084048,0.7440232839670791,0.9595303951709535,0.41000000000000003,0.6259711431742507,0.5654930469736422,0.6173915783060193,0.6238938053097345,0.9385480527980801,0.5509433962264151,1777248460.8183038,0.5847953216374269,0.6280623608017817,0.7655493845135873
7,0.7222222222222222,0.403030303030303,0.9015541716466419,0.995414673046252,0.3433962264150943,0.7607766990291263,0.7272547858693507,0.7916666666666666,7,0.9253611556982343,0.9928272564255828,0.7387577406010375,0.7456953642384105,0.7687861271676301,0.5288270377733599,0.5597345132743363,0.7607766990291263,0.8466165413533835,0.7916666666666666,0.9996364574537949,0.9647844565877353,0.9775286694701315,4034.163461527,0.830084745762712,0.9607843137254902,0.7222222222222222,0.7272547858693507,0.957966486700399,0.7687861271676301,0.9563834620626988,0.9607843137254902,0.659047619047619,0.5830990408285747,0.9220607661822986,8,0.9792787407850169,0.9597466285247241,0.7587043378108094,0.9512603408623398,0.6805555555555556,0.9609371862679559,0.659047619047619,0.5648979591836735,0.8902427941898605,0.9471534950756666,0.8466165413533835,0.7587043378108094,0.9132867132867133,0.5135135135135135,0.7929577464788732,0.4942857142857143,0.7587043378108094,0.958640529678781,0.6229508196721311,0.6208588957055214,0.5988416359118751,0.6528497897294996,0.5597345132743363,0.9422641774065359,0.4654731457800511,1777248964.8738668,0.7967479674796749,0.696969696969697,0.7715631456338982
8,0.6984126984126984,0.4460431654676259,0.9316277704388669,0.992822966507177,0.4782608695652174,0.7949514563106796,0.7580422340635484,0.7916666666666666,8,0.9185393258426966,0.9914325562861128,0.7644484571708234,0.7450980392156863,0.7167630057803468,0.549889135254989,0.6382743362831859,0.7949514563106796,0.8571428571428571,0.7916666666666666,0.9996520936923413,0.9805707346690953,0.9769721896745498,4541.02548426,0.8484974093264248,1.0,0.6984126984126984,0.7580422340635484,0.9615230917286292,0.7167630057803468,0.9557019536574285,1.0,0.659047619047619,0.5304895775504292,0.9511228533685601,9,0.9702588497044564,0.9685328974254189,0.7695323299555067,0.9584672932301166,0.5862068965517241,0.9610482105019477,0.659047619047619,0.6331198536139067,0.9064645029218633,0.9334614460725439,0.8571428571428571,0.7695323299555067,0.9097777777777778,0.4691358024691358,0.7972027972027971,0.6091549295774648,0.7695323299555067,0.9758274624698426,0.5891472868217054,0.6564277588168373,0.6149151885909596,0.6726445764128925,0.6382743362831859,0.9458872664370646,0.5677419354838709,1777249471.735844,0.7391304347826086,0.6756440281030445,0.7812508231149209
9,0.753968253968254,0.43973941368078173,0.9298454635046445,0.9962121212121212,0.48223350253807107,0.8318446601941748,0.7716597592263666,0.8541666666666666,9,0.9012841091492777,0.9864514843594342,0.7767452265103852,0.776551724137931,0.7803468208092486,0.5625,0.5796460176991151,0.8318446601941748,0.8466165413533835,0.8541666666666666,0.9990305532101197,0.9793564055859137,0.9805764980374608,5048.677972403,0.8631875881523273,0.9607843137254902,0.753968253968254,0.7716597592263666,0.9628006141900187,0.7803468208092486,0.9631985461154021,0.9607843137254902,0.6876190476190476,0.4874459412595263,0.9533245266402466,10,0.98380321445175,0.9648549243972211,0.7868740402544225,0.9612579532035088,0.7205882352941176,0.9673470641176763,0.6876190476190476,0.6575591985428051,0.9114015909221354,0.9577227960605332,0.8466165413533835,0.7868740402544225,0.8969849246231156,0.3761467889908257,0.8100719424460432,0.6300174520069808,0.7868740402544225,0.9728526774671279,0.5222929936305732,0.6533665835411471,0.6338541837304066,0.6850928765244061,0.5796460176991151,0.9452065639171563,0.5882352941176471,1777249979.3883636,0.823529411764706,0.7485714285714286,0.7944054069363756
10,0.7301587301587301,0.38904899135446686,0.9352506762282192,0.998006379585327,0.5380116959064327,0.7821359223300971,0.7610025656206828,0.7916666666666666,10,0.9325842696629213,0.9928272564255828,0.7705142652120992,0.7851851851851852,0.7803468208092486,0.5192307692307693,0.7179203539823009,0.7821359223300971,0.7969924812030075,0.7916666666666666,0.9995700034399725,0.9840113337381097,0.978992119098291,5554.455365712,0.8467521547193609,0.9215686274509803,0.7301587301587301,0.7610025656206828,0.962560209235185,0.7803468208092486,0.9670604270786006,0.9215686274509803,0.6685714285714286,0.453313664965073,0.9553060325847644,11,0.9799760908547519,0.956681651001226,0.7736701288965575,0.963516640742266,0.8245614035087719,0.9730589066238948,0.6685714285714286,0.6506024096385541,0.915517070951641,0.9140043238049483,0.7969924812030075,0.7736701288965575,0.923006416131989,0.5135135135135135,0.7910447761194029,0.6335740072202166,0.7736701288965575,0.9762515138957154,0.6229508196721311,0.6792255363683934,0.6564237240951242,0.6999631819559502,0.7179203539823009,0.949516744845642,0.6195286195286196,1777250485.1657367,0.8703703703703703,0.6444885799404171,0.7925656067023682
11,0.7301587301587301,0.467680608365019,0.9380595919565536,0.9958133971291866,0.5575757575757576,0.7996116504854369,0.7728438918492204,0.8125,11,0.9265650080256822,0.9924287706714485,0.7783371052787054,0.7545219638242894,0.7109826589595376,0.5642201834862386,0.6758849557522124,0.7996116504854369,0.8781954887218045,0.8125,0.9990344622697563,0.9852256628212912,0.9815736524409615,6058.706012672,0.8548889350217979,0.9803921568627451,0.7301587301587301,0.7728438918492204,0.9638332376286076,0.7109826589595376,0.9568378009995456,0.9803921568627451,0.6819047619047619,0.40692809971537125,0.9566270365477763,12,0.9780251710168028,0.9713935431140172,0.7837038003556536,0.9636616219892208,0.704225352112676,0.9695521943821739,0.6819047619047619,0.662962962962963,0.9138127392813641,0.9257746817199135,0.8781954887218045,0.7837038003556536,0.9183764495985727,0.5064935064935064,0.8116747741487144,0.645045045045045,0.7837038003556536,0.9778818631277647,0.6239999999999999,0.6699561403508772,0.6522561397246843,0.7049596915770517,0.6758849557522124,0.9513533014383893,0.6323024054982818,1777250989.4163768,0.8196721311475409,0.6641304347826087,0.7927747182401288
12,0.6587301587301587,0.492,0.9419622150929944,0.9964114832535885,0.6148148148148148,0.8349514563106796,0.7921847246891652,0.7708333333333334,12,0.9113162118780096,0.9982068141063957,0.7955445836242486,0.7882513661202186,0.7109826589595376,0.5815602836879432,0.7112831858407079,0.8349514563106796,0.8676691729323308,0.7708333333333334,0.9969743878412609,0.9894758146124266,0.9837169024332755,6563.920385148,0.8693894055802668,0.9607843137254902,0.6587301587301587,0.7921847246891652,0.9655796380943762,0.7109826589595376,0.9647887323943662,0.9607843137254902,0.6704761904761904,0.39664671471348323,0.961250550418318,13,0.9795402470611676,0.9740498569677156,0.7732138087885536,0.9666085599049059,0.7313432835820896,0.9719640186993156,0.6704761904761904,0.6685660018993351,0.92832985062253,0.9291376411241893,0.8676691729323308,0.7732138087885536,0.906790383804302,0.8043478260869565,0.8260558339298497,0.6666666666666666,0.7732138087885536,0.9768297658400876,0.7872340425531915,0.6981541802388708,0.7112144258966411,0.7371854435170283,0.7112831858407079,0.9535510916486153,0.636015325670498,1777251494.6306934,0.8305084745762712,0.685501066098081,0.8027146694888919
13,0.7142857142857143,0.5228215767634855,0.9441655658300309,0.9936204146730463,0.6521739130434783,0.818252427184466,0.7904085257548845,0.8333333333333334,13,0.9225521669341894,0.9942219565650527,0.794756912600267,0.8033240997229917,0.7283236994219653,0.6086956521739132,0.7112831858407079,0.818252427184466,0.8721804511278195,0.8333333333333334,0.9995152766050599,0.9902853673345476,0.9839932634858386,7067.475207779,0.8644102564102565,0.9803921568627451,0.7142857142857143,0.7904085257548845,0.9660232926018659,0.7283236994219653,0.967741935483871,0.9803921568627451,0.7028571428571428,0.36328103494380926,0.9550858652575958,14,0.9641985455269975,0.9765018389865141,0.7951135138642368,0.9661345103993021,0.6097560975609756,0.9756691572315753,0.7028571428571428,0.6721311475409836,0.9234504239837252,0.9281767955801105,0.8721804511278195,0.7951135138642368,0.9160869565217391,0.5797101449275363,0.8363374188896898,0.643979057591623,0.7951135138642368,0.9854280510018214,0.6837606837606838,0.6966413867822318,0.6763052599596846,0.7244593033280076,0.7112831858407079,0.9526557995293676,0.6818181818181819,1777251998.1856062,0.7518796992481203,0.6825902335456475,0.8051767731351546
14,0.7380952380952381,0.4708171206225681,0.9418842129542262,0.9974082934609251,0.6326530612244898,0.8279611650485437,0.7945529899348727,0.7708333333333334,14,0.9201444622792937,0.9970113568439928,0.7985571098073021,0.7848605577689243,0.6994219653179191,0.5627906976744186,0.7035398230088495,0.8279611650485437,0.8887218045112782,0.7708333333333334,0.9993432779810489,0.9890710382513661,0.9843287227610142,7571.529378074,0.8691398287810843,0.9607843137254902,0.7380952380952381,0.7945529899348727,0.9665069593468569,0.6994219653179191,0.9631985461154021,0.9607843137254902,0.699047619047619,0.32434000983270184,0.956186701893439,15,0.9762651922693764,0.9722108704536166,0.786050657761034,0.9673801748070541,0.7903225806451613,0.9690667586356775,0.699047619047619,0.6727772685609532,0.9283896377484753,0.9368244054768196,0.8887218045112782,0.786050657761034,0.9146289146289146,0.7115384615384616,0.833568406205924,0.6484098939929329,0.786050657761034,0.9852176315442861,0.74,0.7054908485856906,0.7075854144589664,0.7415427960368617,0.7035398230088495,0.9545459645623277,0.6813186813186813,1777252502.239788,0.8672566371681416,0.7074527252502781,0.8077126760227097
15,0.7619047619047619,0.5911330049261084,0.9495439391080077,0.9988038277511961,0.6114649681528662,0.854757281553398,0.8030392737319914,0.7708333333333334,15,0.8964686998394864,0.9946204423191871,0.8051992867399316,0.8254437869822485,0.6936416184971098,0.6382978723404256,0.6913716814159292,0.854757281553398,0.8390977443609022,0.7708333333333334,0.9993706413985052,0.9876543209876543,0.9849210714200313,8075.169958837,0.8744537147397695,0.9607843137254902,0.7619047619047619,0.8030392737319914,0.9663695785618581,0.6936416184971098,0.9731940027260336,0.9607843137254902,0.7295238095238096,0.3068080910243541,0.9553060325847644,16,0.9793742113302782,0.9830404577033102,0.7877393180393418,0.969226833470425,0.8909090909090909,0.9720951217841357,0.7295238095238096,0.6894689468946895,0.9315835988767461,0.9418688445832333,0.8390977443609022,0.7877393180393418,0.8950793005286702,0.578125,0.8322147651006713,0.6535836177474402,0.7877393180393418,0.9829062300221985,0.6607142857142857,0.7058159232072275,0.7208269193968642,0.7504923799457299,0.6913716814159292,0.9540198538234973,0.6784452296819788,1777253005.8802335,0.9245283018867925,0.720876585928489,0.8093645371377785
16,0.7222222222222222,0.5821596244131455,0.9537061500073388,0.9964114832535885,0.6546762589928058,0.8073786407766991,0.7963291888691534,0.7916666666666666,16,0.9309791332263242,0.9952181709503886,0.8011621265538502,0.840057636887608,0.7167630057803468,0.6424870466321243,0.7522123893805309,0.8073786407766991,0.8766917293233083,0.7916666666666666,0.9995700034399725,0.9902853673345476,0.9845839041037397,8579.641402059,0.8615830915872358,0.9607843137254902,0.7222222222222222,0.7963291888691534,0.9671327737018957,0.7167630057803468,0.9747841890049977,0.9607843137254902,0.7447619047619047,0.2900401956228428,0.9506825187142228,17,0.9627166766288106,0.9818144666939109,0.7965601090796461,0.9681359309139143,0.7313432835820896,0.9739624549111687,0.7447619047619047,0.6859649122807018,0.9297910479806301,0.9168868604371847,0.8766917293233083,0.7965601090796461,0.9235895157707685,0.6129032258064516,0.8579838116261957,0.6357723577235772,0.7965601090796461,0.9861845972957084,0.6909090909090909,0.7046632124352331,0.7054087417956912,0.7451115116096302,0.7522123893805309,0.954572612943945,0.6867924528301887,1777253510.3517835,0.8305084745762712,0.6627680311890838,0.8130500899146956
17,0.7063492063492064,0.5058365758754864,0.9529122895305193,0.9972089314194578,0.7355371900826446,0.8330097087378641,0.8032366291691336,0.7708333333333334,17,0.9217495987158909,0.9956166567045228,0.8071875455188685,0.8129395218002813,0.7514450867052023,0.6046511627906976,0.7168141592920354,0.8330097087378641,0.869172932330827,0.7708333333333334,0.9994683678894205,0.9935235782230317,0.9845377869936085,9087.381477728,0.8728382502543235,0.9607843137254902,0.7063492063492064,0.8032366291691336,0.9677629676982531,0.7514450867052023,0.969786460699682,0.9607843137254902,0.7504761904761905,0.27369561053412944,0.9557463672391017,18,0.9644932589493258,0.9740498569677156,0.7948606163687686,0.968690877081391,0.7777777777777778,0.9748518298919758,0.7504761904761905,0.7035714285714285,0.9321099913056232,0.9344222916166226,0.869172932330827,0.7948606163687686,0.9166666666666666,0.6271186440677966,0.8401162790697675,0.6621848739495798,0.7948606163687686,0.9840820089757552,0.6915887850467289,0.7101369863013699,0.7177055390136855,0.7503999735150857,0.7168141592920354,0.9570714831148998,0.7206477732793521,1777254018.0918117,0.8596491228070176,0.7035830618892508,0.8159982969398183
18,0.7380952380952381,0.5688073394495413,0.9557862070411609,0.9960127591706539,0.744,0.8438834951456311,0.8095520031576869,0.7916666666666666,18,0.9141252006420546,0.9964136282127914,0.812178330608411,0.826271186440678,0.7167630057803468,0.6342710997442456,0.7256637168141593,0.8438834951456311,0.8796992481203008,0.7916666666666666,0.9991282797010351,0.9935235782230317,0.9863387455462828,9591.86174713,0.8758565094719871,0.9607843137254902,0.7380952380952381,0.8095520031576869,0.9681420136010577,0.7167630057803468,0.9720581553839164,0.9607843137254902,0.7314285714285714,0.2570191672371483,0.9597093791281374,19,0.9715290230457595,0.9807928075194116,0.7984980319720506,0.9705220835263098,0.7101449275362319,0.9752380524932027,0.7314285714285714,0.7032967032967034,0.9336756168437075,0.9325006005284651,0.8796992481203008,0.7984980319720506,0.9103477167993297,0.6785714285714286,0.852148579752367,0.6772486772486772,0.7984980319720506,0.9857910647224551,0.7307692307692307,0.712656165127648,0.7269372499539749,0.7583376014253193,0.7256637168141593,0.9566896788168742,0.7410358565737052,1777254522.5720696,0.8166666666666667,0.7001067235859125,0.8176444114898545
