,val/precision_SCC,val/f1_macro,val/auc_BCC,epoch,val/specificity_BCC,val/f1_SCC,val/precision_macro,val/recall_weighted,val/sensitivity_SCC,val/f1_weighted,_runtime,val/sensitivity_BCC,val/f1_DF,val/auc_BKL,val/auc_VASC,val/auc_NV,val/auc_MEL,val/sensitivity_MEL,val/sensitivity_NV,val/specificity_BKL,val/f1_AK,val/recall_MEL,val/specificity_macro,val/f1_BCC,val/precision_BKL,val/precision_AK,val/auc_SCC,val/auc_AK,val/specificity_AK,val/auc_macro,val/f1_MEL,val/specificity_NV,val/precision_DF,_timestamp,_step,val/precision_weighted,val/specificity_DF,val/sensitivity_BKL,val/recall_NV,val/f1_NV,val/recall_DF,val/sensitivity_AK,val/bacc,val/sensitivity_VASC,val/auc_DF,val/recall_BCC,val/precision_NV,val/recall_macro,val/specificity_VASC,val/specificity_SCC,train/loss,val/sensitivity_macro,val/recall_VASC,val/sensitivity_DF,val/recall_BKL,val/precision_MEL,val/acc,val/recall_SCC,val/f1_VASC,val/specificity_MEL,val/precision_BCC,val/recall_AK,val/precision_VASC,val/f1_BKL,confusion_matrix/final,confusion_matrix/best
0,0.14814814814814814,0.45803709329867237,0.9395650644102305,1.0,0.9450249886415266,0.0522875816993464,0.44062270531644826,0.6356818630353266,0.031746031746031744,0.6500868754120972,0.269798169,0.5984962406015037,0.2982456140350877,0.8508330712293726,0.9932138724708384,0.9125629197899296,0.8266598500485737,0.5896017699115044,0.7297087378640776,0.933069132540731,0.323943661971831,0.5896017699115044,0.9430356325706079,0.6099616858237548,0.43177570093457945,0.21415270018621974,0.8962423261148216,0.9184373457176536,0.9137719656722517,0.9094006738589928,0.5520455722423614,0.8960674157303371,0.25757575757575757,1776952586.6075354,0,0.6835736506711626,0.9902370990237099,0.44,0.7297087378640776,0.7973689794186294,0.3541666666666667,0.6647398843930635,0.5339005536527579,0.8627450980392157,0.9376909410905226,0.5984962406015037,0.8788587464920486,0.5339005536527579,0.9894338118022329,0.9953450718478041,1.494582432628478,0.5339005536527579,0.8627450980392157,0.3541666666666667,0.44,0.5189873417721519,0.6356818630353266,0.031746031746031744,0.5945945945945946,0.8813355753062695,0.621875,0.6647398843930635,0.4536082474226804,0.4358490566037736,,
1,0.27835051546391754,0.5153686165276684,0.9536099448985936,2.0,0.9622898682417084,0.3375,0.48280507635008346,0.6589698046181173,0.42857142857142855,0.6768955583829954,0.269798169,0.6150375939849624,0.29940119760479045,0.8564949361514751,0.9983894674297151,0.9113662360329753,0.8490420242379666,0.461283185840708,0.7553398058252427,0.869220607661823,0.40789473684210525,0.461283185840708,0.9468653147476173,0.6596774193548387,0.3680851063829787,0.3286219081272085,0.9352197196763073,0.9310563129088113,0.9611769513690233,0.9235357500049296,0.5450980392156863,0.8932584269662921,0.21008403361344538,1776953023.7523966,1,0.7217469481788195,0.9812711695556884,0.659047619047619,0.7553398058252427,0.8127872962808191,0.5208333333333334,0.5375722543352601,0.6197596722251624,0.9803921568627451,0.953107358703593,0.6150375939849624,0.879692446856626,0.6197596722251624,0.986244019138756,0.971665654725764,1.2588224328269,0.6197596722251624,0.9803921568627451,0.5208333333333334,0.659047619047619,0.6661341853035144,0.6589698046181173,0.42857142857142855,0.5882352941176471,0.9497958203218833,0.711304347826087,0.5375722543352601,0.42016806722689076,0.4723549488054607,,
2,0.34782608695652173,0.5424082237364958,0.9567674297055678,3.0,0.9670604270786006,0.33195020746887965,0.5308613098907513,0.6834418788237616,0.31746031746031744,0.6898638706482308,0.269798169,0.6045112781954888,0.46428571428571425,0.8659478727642531,0.9966264815336022,0.913976686562047,0.8563958407292223,0.4170353982300885,0.8403883495145631,0.9231616028181417,0.3697234352256187,0.4170353982300885,0.9469869062715672,0.6633663366336634,0.4433811802232855,0.24708171206225682,0.9363296421584218,0.9329425437778004,0.9209235798937474,0.9284569443515133,0.5309859154929577,0.8306581059390048,0.40625,1776953457.7505324,2,0.7239672993271786,0.9924287706714485,0.5295238095238095,0.8403883495145631,0.8385971710908737,0.5416666666666666,0.7341040462427746,0.6181842724448998,0.9607843137254902,0.9686690575811914,0.6045112781954888,0.8368136117556071,0.6181842724448998,0.9902312599681021,0.9848208864602307,1.170893347191566,0.6181842724448998,0.9607843137254902,0.5416666666666666,0.5295238095238095,0.7306201550387597,0.6834418788237616,0.31746031746031744,0.6577181208053691,0.966610617343262,0.7349177330895795,0.7341040462427746,0.5,0.4826388888888889,,
3,0.30392156862745096,0.568092679779104,0.9608803927128134,4.0,0.9588823262153566,0.37575757575757573,0.5412415558162142,0.67298204065522,0.49206349206349204,0.6894067213384163,0.269798169,0.6691729323308271,0.4444444444444445,0.858259629699524,0.9987608280951934,0.9235903629478408,0.8472353901521836,0.47898230088495575,0.7553398058252427,0.8643769264641127,0.38724373576309795,0.47898230088495575,0.948922529118519,0.689388071262587,0.3733468972533062,0.31954887218045114,0.9530009669657514,0.9384925743685201,0.9630159378831222,0.931229450773636,0.5558408215661104,0.9004815409309791,0.358974358974359,1776953893.5682888,3,0.7298770048735211,0.9900378561466427,0.699047619047619,0.7553398058252427,0.8158557046979865,0.5833333333333334,0.4913294797687861,0.6314527380538408,0.8823529411764706,0.9696154612472605,0.6691729323308271,0.8869129046967624,0.6314527380538408,0.9964114832535885,0.9712608783647035,1.10997100948605,0.6314527380538408,0.8823529411764706,0.5833333333333334,0.699047619047619,0.6620795107033639,0.67298204065522,0.49206349206349204,0.7894736842105262,0.9469132836896469,0.7108626198083067,0.4913294797687861,0.7142857142857143,0.48673740053050396,,
4,0.3388888888888889,0.573379036675773,0.9586155301930427,5.0,0.9479781917310314,0.39869281045751637,0.5311527217874733,0.6937043615551608,0.48412698412698413,0.7055525014452283,0.269798169,0.7323308270676692,0.3736263736263737,0.8810773521209453,0.9983386496544391,0.9229935015350091,0.8731590879620083,0.5542035398230089,0.7770873786407767,0.9370321444297667,0.4181459566074951,0.5542035398230089,0.9511366960211383,0.7052860246198407,0.4929078014184397,0.31736526946107785,0.9438196110934423,0.9431449622163272,0.953412341642828,0.9367995234544597,0.5918487891317189,0.8888443017656501,0.2537313432835821,1776954329.6372933,4,0.7282556247325875,0.9800757122932855,0.5295238095238095,0.7770873786407767,0.8246445497630331,0.7083333333333334,0.6127167630057804,0.6649864078715428,0.9215686274509803,0.9732474928604635,0.7323308270676692,0.8784021071115014,0.6649864078715428,0.9950159489633174,0.9759158065168995,1.0514409261311861,0.6649864078715428,0.9215686274509803,0.7083333333333334,0.5295238095238095,0.6349809885931559,0.6937043615551608,0.48412698412698413,0.7642276422764227,0.9308191208263271,0.6801675977653632,0.6127167630057804,0.6527777777777778,0.5105601469237833,,
5,0.3612565445026178,0.5625873260347038,0.9472949752846451,6.0,0.9325306678782371,0.4353312302839117,0.5190719417028681,0.687783698440892,0.5476190476190477,0.6996727505686828,0.269798169,0.7308270676691729,0.46376811594202905,0.872298337212472,0.9979907433467805,0.9254345556265486,0.8684854618967347,0.48672566371681414,0.781747572815534,0.9341699691765742,0.37961335676625657,0.48672566371681414,0.9507816281559289,0.6712707182320442,0.4923599320882852,0.2727272727272727,0.9546377412194049,0.9359543714020471,0.9411524315488353,0.9337543357942389,0.5699481865284973,0.8928571428571429,0.35555555555555557,1776954773.3449414,5,0.7302994919150799,0.9884439131301056,0.5523809523809524,0.781747572815534,0.8292481977342945,0.6666666666666666,0.6242774566473989,0.6639766318708209,0.9215686274509803,0.9679385003652786,0.7308270676691729,0.8828947368421053,0.6639766318708209,0.9898325358851675,0.9753086419753086,1.0033796459165807,0.6639766318708209,0.9215686274509803,0.6666666666666666,0.5523809523809524,0.6875,0.687783698440892,0.5476190476190477,0.6308724832214765,0.9519577227960605,0.6206896551724138,0.6242774566473989,0.47959183673469385,0.5206463195691202,,
6,0.494949494949495,0.5715325796088275,0.9626564138651946,7.0,0.9438891412994094,0.4355555555555556,0.5360926975747671,0.6674560884152358,0.3888888888888889,0.6841670471226653,0.269798169,0.7804511278195488,0.4370860927152318,0.8842813109391708,0.9980845607780592,0.9266287459676791,0.8427475027581794,0.5685840707964602,0.7029126213592233,0.929326287978864,0.37785016286644946,0.5685840707964602,0.9490277600191277,0.7253668763102725,0.47804878048780486,0.26303854875283444,0.9445857949197354,0.9361303566240128,0.9335921536575399,0.9332178706322145,0.5488521089161773,0.9245585874799358,0.32038834951456313,1776955216.651889,6,0.7240102187035402,0.9860529986052998,0.56,0.7029126213592233,0.791602886507763,0.6875,0.6705202312138728,0.6600531959411218,0.9215686274509803,0.9706282792056851,0.7804511278195488,0.9059059059059059,0.6600531959411218,0.9942185007974481,0.9898805909734871,0.9614784229933581,0.6600531959411218,0.9215686274509803,0.6875,0.56,0.5304437564499485,0.6674560884152358,0.3888888888888889,0.7401574803149605,0.8907038193610377,0.6775456919060052,0.6705202312138728,0.618421052631579,0.5157894736842106,,
7,0.2920962199312715,0.5700980649299159,0.9566133643969077,8.0,0.9700136301681054,0.407673860911271,0.540384015052535,0.6840339451351884,0.6746031746031746,0.7009754936958839,0.269798169,0.6,0.37373737373737376,0.891177790358768,0.9941520467836258,0.9251121257928283,0.856154035019844,0.5298672566371682,0.7704854368932039,0.8980625275209159,0.4133016627078385,0.5298672566371682,0.9506107897847282,0.6672240802675585,0.4325980392156863,0.35080645161290325,0.9559404143496432,0.934622080594145,0.9671025745811197,0.9358442116233503,0.5837903717245582,0.8992776886035313,0.24666666666666667,1776955652.6343975,7,0.7392534410510906,0.9774855548914126,0.6723809523809524,0.7704854368932039,0.8249480249480249,0.7708333333333334,0.5028901734104047,0.6680737173778679,0.8235294117647058,0.9729818356910407,0.6,0.8876957494407158,0.6680737173778679,0.9966108452950558,0.9583080348107671,0.918791804231771,0.6680737173778679,0.8235294117647058,0.7708333333333334,0.6723809523809524,0.649932157394844,0.6840339451351884,0.6746031746031746,0.7636363636363636,0.9380254624069181,0.751412429378531,0.5028901734104047,0.711864406779661,0.5264727815063386,,
8,0.48,0.6318528110127564,0.9627192697782622,9.0,0.9563834620626988,0.4780876494023904,0.6013407385000817,0.7213341227550819,0.47619047619047616,0.728893222152026,0.269798169,0.7398496240601504,0.5185185185185186,0.8999966450693004,0.9992846420864997,0.9278911935669871,0.8872398861440547,0.6139380530973452,0.7922330097087379,0.9286657859973579,0.4418604651162791,0.6139380530973452,0.9543807646362522,0.7294292068198666,0.5053435114503817,0.36964980544747084,0.9586598047435935,0.9462252941551647,0.9668982427462198,0.9436644997931521,0.622546270330903,0.8864365971107544,0.40229885057471265,1776956091.5870414,8,0.7423556533603051,0.9896393703925085,0.6304761904761905,0.7922330097087379,0.8329930583911801,0.7291666666666666,0.5491329479768786,0.6815694494534282,0.9215686274509803,0.9672992628013548,0.7398496240601504,0.878174773999139,0.6815694494534282,0.998006379585327,0.9868447682655332,0.8804673564300806,0.6815694494534282,0.9215686274509803,0.7291666666666666,0.6304761904761905,0.6313993174061433,0.7213341227550819,0.47619047619047616,0.8703703703703703,0.922171510929618,0.7192982456140351,0.5491329479768786,0.8245614035087719,0.5610169491525425,,
9,0.4666666666666667,0.6374071031444957,0.9632190426087937,10.0,0.9500227169468424,0.4827586206896552,0.6119564031008409,0.7252812314979278,0.5,0.7312592691997457,0.269798169,0.7593984962406015,0.5901639344262296,0.9029598876098215,0.9980181067642367,0.9298184481603267,0.8754137269115405,0.5663716814159292,0.8151456310679611,0.9412153236459709,0.45174537987679675,0.5663716814159292,0.9547418043494751,0.7266187050359711,0.5348432055749129,0.3503184713375796,0.950458264665915,0.9486890872626857,0.958316305680425,0.9425967351057386,0.6016451233842538,0.8808186195826645,0.4864864864864865,1776956531.4665263,9,0.7431572569666448,0.9924287706714485,0.5847619047619048,0.8151456310679611,0.8444980889157112,0.75,0.6358381502890174,0.6818316398346719,0.8431372549019608,0.9721973168625888,0.7593984962406015,0.8760434056761269,0.6818316398346719,0.9984051036682615,0.9854280510018215,0.8526142467367781,0.6818316398346719,0.8431372549019608,0.75,0.5847619047619048,0.6416040100250626,0.7252812314979278,0.5,0.8431372549019607,0.9312995435983665,0.696551724137931,0.6358381502890174,0.8431372549019608,0.5586897179253867,,
10,0.42528735632183906,0.6362289264084875,0.9650012127091924,11.0,0.9566106315311222,0.49333333333333335,0.613303164936282,0.7392934675350306,0.5873015873015873,0.7412252497440468,0.269798169,0.7172932330827068,0.5210084033613446,0.9095212933257848,0.9990540075679395,0.9312597983449952,0.8906567868219607,0.5254424778761062,0.8648543689320388,0.9456186701893439,0.45258620689655166,0.5254424778761062,0.955257806853651,0.7156789197299325,0.557347670250896,0.36082474226804123,0.9635139085655176,0.9471926223215403,0.9619942787086228,0.9473841927653617,0.6129032258064516,0.8491171749598716,0.43661971830985913,1776956972.3707316,10,0.7527284879733784,0.9920302849173142,0.5923809523809523,0.8648543689320388,0.8601776747779065,0.6458333333333334,0.6069364161849711,0.6802503941756777,0.9019607843137255,0.9728739124659627,0.7172932330827068,0.8555512869765655,0.6802503941756777,0.998006379585327,0.9797611819469743,0.8124941101417599,0.6802503941756777,0.9019607843137255,0.6458333333333334,0.5923809523809523,0.7352941176470589,0.7392934675350306,0.5873015873015873,0.8598130841121495,0.9589238529906318,0.7140718562874252,0.6069364161849711,0.8214285714285714,0.5743305632502308,,
11,0.4166666666666667,0.6393436062501605,0.9649875483802646,12.0,0.9541117673784644,0.4761904761904762,0.6078226971806038,0.7383066903493192,0.5555555555555556,0.7435802896411796,0.269798169,0.7759398496240602,0.5585585585585586,0.9074160743117149,0.9986357381868217,0.9337186180242796,0.8877606984411769,0.577433628318584,0.8318446601941748,0.9451783355350066,0.44492440604751615,0.577433628318584,0.9567762331971069,0.7462039045553146,0.554561717352415,0.35517241379310344,0.9615944333612823,0.9452874937105952,0.9617899468737229,0.9468757255819034,0.6225402504472272,0.8824237560192616,0.49206349206349204,1776957409.2628314,11,0.7542000902030349,0.9936242279338514,0.5904761904761905,0.8318446601941748,0.8550898203592815,0.6458333333333334,0.5953757225433526,0.6867534459370289,0.9215686274509803,0.9756052002390916,0.7759398496240602,0.8796714579055441,0.6867534459370289,0.9972089314194578,0.9801659583080348,0.7776481158034254,0.6867534459370289,0.9215686274509803,0.6458333333333334,0.5904761904761905,0.6752910737386805,0.7383066903493192,0.5555555555555556,0.8392857142857142,0.9397069421090559,0.7186629526462396,0.5953757225433526,0.7704918032786885,0.5719557195571956,,
12,0.5234375,0.6521599136378501,0.971723037716964,13.0,0.9631985461154021,0.5275590551181103,0.6262497291785839,0.7495559502664298,0.5317460317460317,0.7529584714141051,0.269798169,0.7639097744360902,0.6153846153846153,0.9199018682770335,0.9989250085999312,0.9334069410462997,0.8967431162431789,0.5586283185840708,0.8438834951456311,0.9236019374724791,0.48175182481751827,0.5586283185840708,0.9579811260530198,0.7610486891385767,0.5140056022408963,0.41596638655462187,0.9653482522334981,0.9488568047225456,0.971597874948917,0.9518450929736635,0.6277190801740212,0.8760032102728732,0.5714285714285714,1776957840.3376274,12,0.7645087045813274,0.9952181709503886,0.699047619047619,0.8438834951456311,0.8594028079889262,0.6666666666666666,0.5722543352601156,0.6947131085421507,0.9215686274509803,0.9798557149498572,0.7639097744360902,0.8755036261079774,0.6947131085421507,0.9946172248803827,0.9876543209876543,0.7645694658041082,0.6947131085421507,0.9215686274509803,0.6666666666666666,0.699047619047619,0.7163120567375887,0.7495559502664298,0.5317460317460317,0.752,0.9519577227960605,0.7582089552238805,0.5722543352601156,0.6351351351351351,0.592413236481033,,
13,0.6,0.6465444934266511,0.9688784660424348,14.0,0.9700136301681054,0.5454545454545454,0.629683399974408,0.7396881784093152,0.5,0.7447363994191357,0.269798169,0.7052631578947368,0.5757575757575758,0.9119158751127047,0.9971737498827282,0.9337094235534292,0.8907099309339122,0.5984513274336283,0.8469902912621359,0.9597093791281374,0.4508050089445438,0.5984513274336283,0.9557540303704704,0.740916271721959,0.6098081023454158,0.32642487046632124,0.9661369236354056,0.953007221299645,0.9468737229260319,0.950127234488611,0.6218390804597701,0.8607544141252006,0.4523809523809524,1776958279.6430411,13,0.7574741591832713,0.9908348276549114,0.5447619047619048,0.8469902912621359,0.8547912992357437,0.7916666666666666,0.7283236994219653,0.6972752681850316,0.8627450980392157,0.9794862854486286,0.7052631578947368,0.8627373417721519,0.6972752681850316,0.9972089314194578,0.9914996964177292,0.73059453300917,0.6972752681850316,0.8627450980392157,0.7916666666666666,0.5447619047619048,0.6471291866028708,0.7396881784093152,0.5,0.8073394495412843,0.9291376411241893,0.7803660565723793,0.7283236994219653,0.7586206896551724,0.5754527162977868,,
14,0.4782608695652174,0.640106588052584,0.9716308034967017,15.0,0.9663789186733303,0.5365853658536586,0.6098006827657705,0.7373199131636077,0.6111111111111112,0.7424497850321844,0.269798169,0.7593984962406015,0.5323741007194245,0.9106670021597366,0.9978421990805891,0.9308329567236516,0.8863215558895368,0.5663716814159292,0.8186407766990291,0.917437252311757,0.4777777777777778,0.5663716814159292,0.956127166375832,0.7663125948406677,0.4959677419354839,0.45989304812834225,0.969808823482169,0.950576499240547,0.9793624846751123,0.947374708208625,0.6187311178247734,0.8743980738362761,0.4065934065934066,1776958720.9537003,14,0.7556159880731438,0.9892408846383742,0.7028571428571428,0.8186407766990291,0.8438751000800641,0.7708333333333334,0.49710982658959535,0.6937314725014311,0.8235294117647058,0.9613178255960683,0.7593984962406015,0.8707145807517555,0.6937314725014311,0.9966108452950558,0.9829993928354585,0.712747607569137,0.6937314725014311,0.8235294117647058,0.7708333333333334,0.7028571428571428,0.681757656458056,0.7373199131636077,0.6111111111111112,0.7636363636363636,0.9425894787412923,0.7733537519142419,0.49710982658959535,0.711864406779661,0.5815602836879432,,
15,0.38596491228070173,0.6564776719479786,0.9711809054667565,16.0,0.9611540208995911,0.4971751412429378,0.6232587937955151,0.7329780935464772,0.6984126984126984,0.7417117246014201,0.269798169,0.7849624060150376,0.6601941747572815,0.9106477113082133,0.9992846420864997,0.9380697844753697,0.8956951143555001,0.7112831858407079,0.7755339805825243,0.9577278731836195,0.47,0.7112831858407079,0.9574190718560924,0.7687776141384388,0.6016597510373444,0.41409691629955947,0.9690908273179069,0.9511127226685502,0.9728238659583163,0.9507578516015776,0.6369489846458644,0.9169341894060995,0.6181818181818182,1776959158.6248188,15,0.7614836064117249,0.99581589958159,0.5523809523809524,0.7755339805825243,0.8357396944967567,0.7083333333333334,0.5433526011560693,0.7095274927543811,0.9019607843137255,0.9709811051338249,0.7849624060150376,0.9060798548094374,0.7095274927543811,0.9966108452950558,0.971665654725764,0.668983166326283,0.7095274927543811,0.9019607843137255,0.7083333333333334,0.5523809523809524,0.5766816143497758,0.7329780935464772,0.6984126984126984,0.8070175438596492,0.8866202257987028,0.7532467532467533,0.5433526011560693,0.7301587301587301,0.5759682224428997,,
16,0.5211267605633803,0.6565839491140739,0.9717336275718829,17.0,0.9509313948205361,0.5522388059701493,0.6194308759346119,0.7515295046378527,0.5873015873015873,0.7543586179014476,0.269798169,0.8300751879699249,0.5606060606060607,0.9221383489547295,0.9985106482784502,0.9365614237404354,0.8984495736779339,0.5995575221238938,0.8275728155339805,0.947380008806693,0.5128205128205128,0.5995575221238938,0.9585230842367019,0.7704117236566643,0.5777385159010601,0.4608294930875576,0.9666959005149653,0.9515981584150465,0.9760931753167144,0.9513431826984742,0.6346604215456675,0.8840288924558587,0.44047619047619047,1776959589.506923,16,0.7616903757931015,0.9906355847778442,0.6228571428571429,0.8275728155339805,0.8532532532532533,0.7708333333333334,0.5780346820809249,0.7123231515471573,0.8823529411764706,0.9650577804343494,0.8300751879699249,0.8805785123966943,0.7123231515471573,0.9958133971291866,0.9862376037239425,0.6633126356150327,0.7123231515471573,0.8823529411764706,0.7708333333333334,0.6228571428571429,0.6741293532338308,0.7515295046378527,0.5873015873015873,0.7692307692307693,0.9370646168628393,0.71875,0.5780346820809249,0.6818181818181818,0.5994500458295142,,
17,0.5314685314685315,0.67234921807578,0.9738379342267527,18.0,0.967741935483871,0.5650557620817844,0.6357588646586593,0.7529109926978488,0.6031746031746031,0.7586870106174535,0.269798169,0.7804511278195488,0.6218487394957983,0.9212576796460548,0.9992064608937674,0.9345941186554255,0.8953031765298596,0.6305309734513275,0.8244660194174758,0.9498018494055482,0.4917355371900826,0.6305309734513275,0.9590310561764336,0.7828054298642534,0.5869565217391305,0.38263665594855306,0.9652663332080454,0.9528371416220404,0.9607682876992235,0.9509615870847592,0.6451612903225806,0.8880417335473515,0.5211267605633803,1776960021.4913394,17,0.769470437112698,0.993225742179717,0.6171428571428571,0.8244660194174758,0.8531243721117139,0.7708333333333334,0.6878612716763006,0.7295036016833033,0.9215686274509803,0.9653898518961281,0.7804511278195488,0.8838467943380516,0.7295036016833033,0.9966108452950558,0.9864399919044727,0.6286567390131247,0.7295036016833033,0.9215686274509803,0.7708333333333334,0.6171428571428571,0.660486674391657,0.7529109926978488,0.6031746031746031,0.8173913043478261,0.9296180638962287,0.7851739788199698,0.6878612716763006,0.734375,0.6016713091922006,,
18,0.5294117647058824,0.6656795408316512,0.9692368130685641,19.0,0.94525215810995,0.5806451612903226,0.6293485963938469,0.7533057035721334,0.6428571428571429,0.7571248164459763,0.269798169,0.8300751879699249,0.5737704918032787,0.9244184437315216,0.9991751884166745,0.9373984322648006,0.893686798364862,0.6050884955752213,0.8229126213592233,0.9453985028621753,0.5024875621890547,0.6050884955752213,0.9594019946814687,0.757201646090535,0.576068376068376,0.4410480349344978,0.9665577625504765,0.9504548450267047,0.9738455251328157,0.9504172242437836,0.6454277286135693,0.8948635634028892,0.47297297297297297,1776960457.1116157,18,0.7668175736638275,0.9922295277943813,0.6419047619047619,0.8229126213592233,0.8551251008878127,0.7291666666666666,0.5838150289017341,0.7172716058013932,0.8823529411764706,0.9624095105266653,0.8300751879699249,0.8899622007559849,0.7172716058013932,0.9968102073365231,0.9854280510018215,0.6156704444952965,0.7172716058013932,0.8823529411764706,0.7291666666666666,0.6419047619047619,0.6915297092288243,0.7533057035721334,0.6428571428571429,0.8035714285714285,0.9413884218111939,0.6960907944514502,0.5838150289017341,0.7377049180327869,0.6072072072072071,,
19,0.5167785234899329,0.6768744259896132,0.9712536680182966,20.0,0.9577464788732394,0.56,0.6428090564580278,0.7548845470692718,0.6111111111111112,0.7592804450471755,0.269798169,0.806015037593985,0.6545454545454547,0.928513136650521,0.9992846420864997,0.9372630086178684,0.8944122154929965,0.6393805309734514,0.8205825242718446,0.9451783355350066,0.4912280701754386,0.6393805309734514,0.9594884745643227,0.7728911319394376,0.5772495755517827,0.4336283185840708,0.968136711609693,0.9512131169226917,0.9738455251328157,0.9515389590509749,0.6476190476190476,0.8948635634028892,0.5806451612903226,1776960895.3494346,19,0.7670844938798498,0.9948196851962542,0.6476190476190476,0.8205825242718446,0.8537373737373737,0.75,0.5664739884393064,0.7203438584324657,0.9215686274509803,0.9622351730092316,0.806015037593985,0.8896842105263157,0.7203438584324657,0.9968102073365231,0.9854280510018215,0.5919742236216102,0.7203438584324657,0.9215686274509803,0.75,0.6476190476190476,0.656072644721907,0.7548845470692718,0.6111111111111112,0.8245614035087719,0.9272159500360317,0.7423822714681441,0.5664739884393064,0.746031746031746,0.6104129263913823,,
20,0.5428571428571428,0.6653064130062174,0.9688699258368548,21.0,0.957519309404816,0.5714285714285714,0.6224360789277568,0.7497533057035721,0.6031746031746031,0.7549902984628281,0.269798169,0.8015037593984963,0.6548672566371682,0.9289740202553942,0.99926118772868,0.9378416369274883,0.8918870730136325,0.6117256637168141,0.8147572815533981,0.9396741523557904,0.48148148148148145,0.6117256637168141,0.9590127750184932,0.7696750902527077,0.5594855305466238,0.4015444015444015,0.9702328749080418,0.9532139153522893,0.968328565590519,0.9522981462648186,0.6411594202898551,0.8960674157303371,0.5692307692307692,1776961332.1054432,20,0.7663072745362062,0.9944211994421199,0.6628571428571428,0.8147572815533981,0.8507704785077048,0.7708333333333334,0.6011560693641619,0.7308000012825869,0.9803921568627451,0.9681045360961679,0.8015037593984963,0.890114552397115,0.7308000012825869,0.993421052631579,0.9870471564460636,0.5776329009977169,0.7308000012825869,0.9803921568627451,0.7708333333333334,0.6628571428571428,0.6735688185140073,0.7497533057035721,0.6031746031746031,0.746268656716418,0.9356233485467211,0.7402777777777778,0.6011560693641619,0.6024096385542169,0.6068003487358326,,
21,0.5441176470588235,0.674661902970833,0.9702718859848395,22.0,0.957519309404816,0.564885496183206,0.6372368411996967,0.7454114860864417,0.5873015873015873,0.752924914363235,0.269798169,0.806015037593985,0.6371681415929203,0.9235541297100083,0.9993393689214123,0.9389758294503575,0.8901460719061093,0.6415929203539823,0.789126213592233,0.9337296345222369,0.49553571428571425,0.6415929203539823,0.9592095929340052,0.7723342939481268,0.5453172205438066,0.4036363636363636,0.9691679275771564,0.9520694208550755,0.9664895790764201,0.9503718197535653,0.6448026681489716,0.9129213483146067,0.5538461538461539,1776961769.1471982,21,0.7687594784805817,0.9942219565650527,0.6876190476190476,0.789126213592233,0.8424543946932006,0.75,0.6416184971098265,0.7281052413777053,0.9215686274509803,0.9594499236235637,0.806015037593985,0.9035126722987995,0.7281052413777053,0.9970095693779905,0.9874519328071241,0.5544959213025794,0.7281052413777053,0.9215686274509803,0.75,0.6876190476190476,0.6480446927374302,0.7454114860864417,0.5873015873015873,0.831858407079646,0.9243334134037954,0.7413554633471646,0.6416184971098265,0.7580645161290323,0.6082561078348778,,
22,0.5167785234899329,0.6840190470964059,0.9732438775266198,23.0,0.963652885052249,0.56,0.652198644341488,0.7578448786264061,0.6111111111111112,0.7635790315414253,0.269798169,0.7909774436090226,0.6601941747572815,0.9270147407267618,0.9991634612377647,0.9397737225139864,0.8963381581101105,0.661504424778761,0.8159223300970874,0.9467195068251871,0.5091743119266054,0.661504424778761,0.9602780187428814,0.7786824574389342,0.5884353741496599,0.4220532319391635,0.9694305503352255,0.954390299789054,0.9689415610952187,0.9520475765240128,0.6567819879187261,0.9012841091492777,0.6181818181818182,1776962206.1359017,22,0.7736164328008305,0.99581589958159,0.659047619047619,0.8159223300970874,0.8537180008126778,0.7083333333333334,0.6416184971098265,0.7262604233172176,0.9215686274509803,0.9570258019525801,0.7909774436090226,0.8951853429910525,0.7262604233172176,0.9970095693779905,0.9854280510018215,0.5484971468227681,0.7262604233172176,0.9215686274509803,0.7083333333333334,0.659047619047619,0.6521264994547438,0.7578448786264061,0.6111111111111112,0.831858407079646,0.9233725678597166,0.7667638483965015,0.6416184971098265,0.7580645161290323,0.6217430368373764,,
23,0.5208333333333334,0.682900620659974,0.9712031100012639,24.0,0.9643343934575193,0.5555555555555556,0.6512568482410378,0.7546871916321295,0.5952380952380952,0.7612053998365037,0.269798169,0.7669172932330827,0.69811320754717,0.9241613721666563,0.9993002783250461,0.9397433340086333,0.8978788059155773,0.6316371681415929,0.8233009708737864,0.940554821664465,0.4821802935010482,0.6316371681415929,0.9597880375172204,0.7657657657657658,0.5638126009693053,0.3782894736842105,0.9685286379275451,0.9536662800503625,0.9613812832039231,0.9511639747258317,0.655944859276278,0.8968699839486356,0.6379310344827587,1776962651.4259017,23,0.7733879735384421,0.99581589958159,0.6647619047619048,0.8233009708737864,0.8562197092084006,0.7708333333333334,0.6647398843930635,0.7298746596782298,0.9215686274509803,0.9548299794115693,0.7669172932330827,0.8918805216659655,0.7298746596782298,0.9972089314194578,0.9860352155434122,0.5344006547030021,0.7298746596782298,0.9215686274509803,0.7708333333333334,0.6647619047619048,0.6821983273596177,0.7546871916321295,0.5952380952380952,0.8392857142857142,0.9361037713187605,0.7646176911544228,0.6647398843930635,0.7704918032786885,0.6101398601398602,,
24,0.4968944099378882,0.6812862414101948,0.970371977194235,25.0,0.9627442071785552,0.5574912891986062,0.6480192812643268,0.7562660351292678,0.6349206349206349,0.7601155777752612,0.269798169,0.7744360902255639,0.6788990825688073,0.922551844163469,0.9992650967883167,0.9378555065530085,0.900253019117,0.5674778761061947,0.8423300970873786,0.9341699691765742,0.502262443438914,0.5674778761061947,0.9592451275853952,0.7663690476190476,0.5455927051671733,0.41263940520446096,0.9685045440965295,0.9521591851293668,0.9677155700858193,0.9512650667670541,0.6356877323420075,0.8808186195826645,0.6065573770491803,1776963094.9113684,24,0.7718233504991953,0.9952181709503886,0.6838095238095238,0.8423300970873786,0.8605435429478278,0.7708333333333334,0.6416184971098265,0.7320753153975863,0.9411764705882353,0.9591593610945075,0.7744360902255639,0.8795620437956204,0.7320753153975863,0.9970095693779905,0.9836065573770492,0.523544094936339,0.7320753153975863,0.9411764705882353,0.7708333333333334,0.6838095238095238,0.7225352112676057,0.7562660351292678,0.6349206349206349,0.8421052631578947,0.9526783569541196,0.7584683357879234,0.6416184971098265,0.7619047619047619,0.6069315300084531,,
25,0.5725190839694656,0.6859116267399424,0.9730720485903538,26.0,0.961608359836438,0.5836575875486382,0.6548795435567956,0.7625814091178212,0.5952380952380952,0.7665016112949973,0.269798169,0.806015037593985,0.6434782608695653,0.9277951814807825,0.9993471870406855,0.9394531627421339,0.8979965201235494,0.6061946902654868,0.8365048543689321,0.9407749889916336,0.4988452655889146,0.6061946902654868,0.9604371818705773,0.7824817518248176,0.571656050955414,0.4153846153846154,0.966098373505781,0.9552973914029447,0.9689415610952187,0.9529508856810119,0.6485207100591717,0.8892455858747994,0.5522388059701493,1776963535.8993115,25,0.7754026187608906,0.9940227136879857,0.6838095238095238,0.8365048543689321,0.8607392607392608,0.7708333333333334,0.6242774566473989,0.7305552023384669,0.9215686274509803,0.9645472205618649,0.806015037593985,0.8864197530864197,0.7305552023384669,0.9974082934609251,0.9886662618903056,0.5142616000654454,0.7305552023384669,0.9215686274509803,0.7708333333333334,0.6838095238095238,0.6972010178117048,0.7625814091178212,0.5952380952380952,0.8468468468468469,0.942829690127312,0.7602836879432624,0.6242774566473989,0.7833333333333333,0.6227233304423243,,
26,0.5579710144927537,0.6850905099783544,0.9734355197398312,27.0,0.9618355293048614,0.5833333333333334,0.653100283023961,0.7554766133806986,0.6111111111111112,0.7610979095727971,0.269798169,0.7954887218045112,0.6428571428571429,0.9261802017152084,0.9994019138755981,0.9401016066948215,0.8978633941231114,0.6216814159292036,0.8178640776699029,0.936151475121092,0.5011494252873563,0.6216814159292036,0.9598981042016065,0.7767988252569749,0.5552147239263804,0.41603053435114506,0.9655153027952056,0.9548485700314883,0.9687372292603188,0.9524503045563572,0.6452353616532721,0.898876404494382,0.5625,1776963972.53664,26,0.7722276875132128,0.9944211994421199,0.6895238095238095,0.8178640776699029,0.8538414757753903,0.75,0.630057803468208,0.7296619458697158,0.9215686274509803,0.9622559274755926,0.7954887218045112,0.8931297709923665,0.7296619458697158,0.9978070175438597,0.9876543209876543,0.5106490762177024,0.7296619458697158,0.9215686274509803,0.75,0.6895238095238095,0.6706443914081146,0.7554766133806986,0.6111111111111112,0.8623853211009175,0.9337016574585635,0.7589670014347202,0.630057803468208,0.8103448275862069,0.6151231945624469,,
27,0.5725190839694656,0.6897712912258488,0.9733917938872624,28.0,0.9620626987732849,0.5836575875486382,0.6600783285224976,0.7641602526149596,0.5952380952380952,0.7680146906779063,0.269798169,0.8045112781954887,0.6548672566371682,0.928064834035772,0.9992572786690435,0.9403528183390734,0.8987389433675086,0.6095132743362832,0.8376699029126213,0.9403346543372963,0.5046296296296297,0.6095132743362832,0.9606346915184323,0.7827359180687637,0.5712025316455697,0.42084942084942084,0.9667424819215954,0.9554426677942319,0.9693502247650184,0.9530604183008247,0.6524570751924215,0.8888443017656501,0.5692307692307692,1776964416.6141224,27,0.7768026122495335,0.9944211994421199,0.6876190476190476,0.8376699029126213,0.8612497504491914,0.7708333333333334,0.630057803468208,0.7321264203192572,0.9215686274509803,0.96249252839211,0.8045112781954887,0.8861955628594905,0.7321264203192572,0.9976076555023924,0.9886662618903056,0.4991266823587355,0.7321264203192572,0.9215686274509803,0.7708333333333334,0.6876190476190476,0.7019108280254777,0.7641602526149596,0.5952380952380952,0.8545454545454545,0.9437905356713908,0.7621082621082621,0.630057803468208,0.7966101694915254,0.6240276577355228,,
28,0.5597014925373134,0.6847946746537509,0.9726255666426402,29.0,0.9593366651522035,0.576923076923077,0.6527811635726639,0.7602131438721137,0.5952380952380952,0.7646603500532336,0.269798169,0.8045112781954887,0.6666666666666666,0.9277645677381475,0.9992650967883167,0.9400470632236749,0.898742663455345,0.6084070796460177,0.8287378640776699,0.9385733157199472,0.5057471264367817,0.6084070796460177,0.9603637431305216,0.7759245830311821,0.5667701863354038,0.4198473282442748,0.9673592839955925,0.9554816443870163,0.9689415610952187,0.9528254639783502,0.6489675516224188,0.8940609951845907,0.5873015873015873,1776964847.5207233,28,0.7747640260550178,0.9948196851962542,0.6952380952380952,0.8287378640776699,0.858234466117032,0.7708333333333334,0.6358381502890174,0.7300955850414304,0.9019607843137255,0.9613178255960683,0.8045112781954887,0.8899082568807339,0.7300955850414304,0.9970095693779905,0.9880590973487149,0.5003418540137173,0.7300955850414304,0.9019607843137255,0.7708333333333334,0.6952380952380952,0.695322376738306,0.7602131438721137,0.5952380952380952,0.8214285714285715,0.942109055969253,0.7492997198879552,0.6358381502890174,0.7540983606557377,0.6244653550042772,,
29,0.5746268656716418,0.6863861052536416,0.9729231074050414,30.0,0.9600181735574739,0.5923076923076923,0.6551992323531028,0.760410499309256,0.6111111111111112,0.7649924328789418,0.269798169,0.8015037593984963,0.6666666666666666,0.9280988027091066,0.9992142790130407,0.9403007682837506,0.8975655213756248,0.6017699115044248,0.8306796116504854,0.9383531483927785,0.49549549549549554,0.6017699115044248,0.960397052777209,0.7758369723435227,0.5672333848531684,0.4059040590405904,0.9672195397757025,0.9549288854348016,0.9671025745811197,0.9525196782350722,0.6464646464646465,0.8936597110754414,0.5873015873015873,1776965281.0156958,29,0.7756219423915959,0.9948196851962542,0.699047619047619,0.8306796116504854,0.8592086764410524,0.7708333333333334,0.6358381502890174,0.7315930350810267,0.9019607843137255,0.9599065218835093,0.8015037593984963,0.8897670549084858,0.7315930350810267,0.9972089314194578,0.9884638737097754,0.5116803357193811,0.7315930350810267,0.9019607843137255,0.7708333333333334,0.699047619047619,0.6983311938382541,0.760410499309256,0.6111111111111112,0.8288288288288289,0.9435503242853711,0.7517630465444288,0.6358381502890174,0.7666666666666667,0.6262798634812287,,
30,,,,,,,,,,,0.279839958,,,,,,,,,,,,,,,,,,,,,,,1776965404.1371756,30,,,,,,,,,,,,,,,,,,,,,,,,,,,,,,"{'width': 1212, '_type': 'image-file', 'format': 'png', 'height': 1034, 'path': 'media/images/confusion_matrix/final_30_eead947736762c34ce07.png', 'sha256': 'eead947736762c34ce07bd16805cd7851a8af9b0d1cf84b07d4280b6cd4934b2', 'size': 78819}","{'height': 1034, 'path': 'media/images/confusion_matrix/best_30_fa203ab8474384967495.png', 'sha256': 'fa203ab8474384967495fac7b142acb064b95c740582c01357a27d4cde5c8030', 'size': 81631, 'width': 1212, '_type': 'image-file', 'format': 'png'}"
